,formula,c/a,composition,entropy,MagpieData mean Number,MagpieData avg_dev Number,MagpieData mean MendeleevNumber,MagpieData avg_dev MendeleevNumber,MagpieData mean AtomicWeight,MagpieData avg_dev AtomicWeight,MagpieData mean MeltingT,MagpieData avg_dev MeltingT,MagpieData mean Column,MagpieData avg_dev Column,MagpieData mean Row,MagpieData avg_dev Row,MagpieData mean CovalentRadius,MagpieData avg_dev CovalentRadius,avg_dev/mean CovalentRadius,MagpieData mean Electronegativity,MagpieData avg_dev Electronegativity,MagpieData mean NsValence,MagpieData avg_dev NsValence,MagpieData mean NpValence,MagpieData avg_dev NpValence,MagpieData mean NdValence,MagpieData avg_dev NdValence,MagpieData mean NfValence,MagpieData avg_dev NfValence,MagpieData mean NValence,MagpieData avg_dev NValence,MagpieData mean NsUnfilled,MagpieData avg_dev NsUnfilled,MagpieData mean NpUnfilled,MagpieData avg_dev NpUnfilled,MagpieData mean NdUnfilled,MagpieData avg_dev NdUnfilled,MagpieData mean NfUnfilled,MagpieData avg_dev NfUnfilled,MagpieData mean NUnfilled,MagpieData avg_dev NUnfilled,MagpieData mean GSvolume_pa,MagpieData avg_dev GSvolume_pa,MagpieData mean GSbandgap,MagpieData avg_dev GSbandgap,MagpieData mean GSmagmom,MagpieData avg_dev GSmagmom,MagpieData mean BoilingT,MagpieData avg_dev BoilingT,MagpieData mean Density,MagpieData avg_dev Density,MagpieData mean FirstIonizationEnergy,MagpieData avg_dev FirstIonizationEnergy,MagpieData mean HeatCapacityMolar,MagpieData avg_dev HeatCapacityMolar,MagpieData mean HeatFusion,MagpieData avg_dev HeatFusion,MagpieData mean SpaceGroupNumber,MagpieData avg_dev SpaceGroupNumber,PymatgenData mean atomic_radius,PymatgenData avg_dev atomic_radius,avg_dev/mean atomic_radius,PymatgenData mean average_ionic_radius,PymatgenData avg_dev average_ionic_radius,avg_dev/mean average_ionic_radius
0,Ni8Mn4Ga3Na1,1.1916824,Ni8 Mn4 Ga3 Na1,9.813052087,26.75,2.84375,57.5,9.6875,57.59113433,5.651715296,1323.725,501.9125,9.25,2.15625,3.9375,0.1171875,130,9,0.069230769,1.74,0.19625,1.9375,0.1171875,0.1875,0.3046875,7.125,1.953125,0,0,9.25,2.15625,0.0625,0.1171875,0.9375,1.5234375,2.25,1.375,0,0,3.25,1.53125,13.14538614,4.154286099,0,0,0.29777488,0.29761982,2713.1875,472.8125,7489,1419,7.124466188,0.670110719,26.26,0.27625,13.1771875,4.3028125,193.0625,48.3984375,1.38125,0.06171875,0.044683258,0.747083333,0.056458333,0.075571667
1,Ni8Mn4Ga2Na2,1.128582306,Ni8 Mn4 Ga2 Na2,10.0849449,25.5,3.875,53,13.25,54.67030741,7.920134532,1327.9725,495.54125,8.5,2.625,3.875,0.21875,132.75,11.4375,0.086158192,1.685,0.25625,1.875,0.21875,0.125,0.21875,6.5,2.375,0,0,8.5,2.625,0.125,0.21875,0.625,1.09375,2.25,1.375,0,0,3,1.5,13.79450072,5.127957974,0,0,0.29777488,0.29761982,2630.625,555.375,7180.5,1872.25,7.070702125,0.750756812,26.3975,0.458125,12.990625,4.489375,203.375,34.84375,1.4125,0.096875,0.068584071,0.772083333,0.096979167,0.125607124
2,Ni8Mn4Ga3K1,1.196390005,Ni8 Mn4 Ga3 K1,9.813052087,27.25,2.15625,57.5625,9.6015625,58.5979175,4.267388437,1321.57875,505.131875,9.25,2.15625,4,0,132.3125,12.1796875,0.092052433,1.733125,0.205703125,1.9375,0.1171875,0.1875,0.3046875,7.125,1.953125,0,0,9.25,2.15625,0.0625,0.1171875,0.9375,1.5234375,2.25,1.375,0,0,3.25,1.53125,15.88684447,8.266473599,0,0,0.29777488,0.29761982,2705.4375,480.5625,7482,1426,7.074565394,0.744961909,26.345625,0.406796875,13.160625,4.319375,193.0625,48.3984375,1.40625,0.09921875,0.070555556,0.769583333,0.093802083,0.121886843
3,Ni8Mn4Ga2K2,1.133911857,Ni8 Mn4 Ga2 K2,10.0849449,26.5,2.625,53.125,13.09375,56.68387375,5.269307812,1323.68,501.98,8.5,2.625,4,0,137.375,17.21875,0.125341219,1.67125,0.2734375,1.875,0.21875,0.125,0.21875,6.5,2.375,0,0,8.5,2.625,0.125,0.21875,0.625,1.09375,2.25,1.375,0,0,3,1.5,19.27741739,13.45731232,0,0,0.29777488,0.29761982,2615.125,570.875,7166.5,1893.25,6.970900538,0.900459194,26.56875,0.7578125,12.9575,4.5225,203.375,34.84375,1.4625,0.184375,0.126068376,0.817083333,0.175729167,0.215068843
4,Ni8Mn4Ga2Rb2,1.158150762,Ni8 Mn4 Ga2 Rb2,10.0849449,28.75,2.625,53.25,12.9375,62.48006125,7.557669375,1320.67125,506.493125,8.5,2.625,4.125,0.21875,139.5,20.125,0.144265233,1.67125,0.2734375,1.875,0.21875,0.125,0.21875,6.5,2.375,0,0,8.5,2.625,0.125,0.21875,0.625,1.09375,2.25,1.375,0,0,3,1.5,21.47939655,17.31077586,0,0,0.29777488,0.29761982,2606.25,579.75,7251,1766.5,6.950458625,0.931122063,26.75125,1.0771875,12.939375,4.540625,203.375,34.84375,1.48125,0.2171875,0.146624473,0.834583333,0.206354167,0.247254119
5,Ni8Mn4Rb4,1.066940371,Ni8 Mn4 Rb4,8.644238489,29.5,3.75,44.5,20.25,64.44816125,10.50981938,1321.865,504.7025,7,3,4.25,0.375,151.75,34.125,0.224876442,1.5475,0.36375,1.75,0.375,0,0,5.25,2.75,0,0,7,3,0.25,0.375,0,0,2.25,1.375,0,0,2.5,1.25,30.46252155,30.12998922,0,0,0.29777488,0.29761982,2416.75,769.25,6704.5,2586.25,6.722687,1.2727795,27.38,1.84,12.515,5.1625,224,3.5,1.6125,0.36875,0.228682171,0.947083333,0.356458333,0.376374835
6,Ni8Mn4Ga2Cs2,1.05425619,Ni8 Mn4 Ga2 Cs2,10.0849449,31,6,53.375,12.78125,68.40976774,16.45222911,1319.3125,508.53125,8.5,2.625,4.25,0.4375,142.5,25.375,0.178070175,1.6675,0.278125,1.875,0.21875,0.125,0.21875,6.5,2.375,0,0,8.5,2.625,0.125,0.21875,0.625,1.09375,2.25,1.375,0,0,3,1.5,24.60970905,22.78882274,0,0,0.29777488,0.29761982,2604.125,581.875,7294.375,1701.4375,6.91505575,0.984226375,26.895,1.32875,12.926875,4.553125,203.375,34.84375,1.5125,0.271875,0.179752066,0.853333333,0.239166667,0.280273438
7,Ni8Mn4Ga3Mg1,1.19972,Ni8 Mn4 Ga3 Mg1,9.813052087,26.8125,2.7578125,61.625,5.4375,57.67333625,5.538687656,1358.233125,450.1503125,9.3125,2.0703125,3.9375,0.1171875,128.4375,6.8515625,0.053345499,1.76375,0.16359375,2,0,0.1875,0.3046875,7.125,1.953125,0,0,9.3125,2.0703125,0,0,0.9375,1.5234375,2.25,1.375,0,0,3.1875,1.5859375,12.7483028,3.558661099,0,0,0.29777488,0.29761982,2726.125,459.875,7537.125,1370.875,7.281163625,0.480698484,26.0499375,0.15509375,13.5446875,3.9353125,190.875,47.578125,1.3625,0.0359375,0.026376147,0.728333333,0.04,0.054919908
8,Ni8Mn4Ga2Mg2,1.1326,Ni8 Mn4 Ga2 Mg2,10.0849449,25.625,3.71875,61.25,4.875,54.83471125,7.632427813,1396.98875,392.016875,8.625,2.46875,3.875,0.21875,129.625,7.53125,0.058100289,1.7325,0.196875,2,0,0.125,0.21875,6.5,2.375,0,0,8.625,2.46875,0,0,0.625,1.09375,2.25,1.375,0,0,2.875,1.59375,13.00033405,3.936707974,0,0,0.29777488,0.29761982,2656.5,529.5,7276.75,1727.875,7.384097,0.346199,25.977375,0.27709375,13.725625,3.754375,199,35,1.375,0.04375,0.031818182,0.734583333,0.043125,0.05870675
9,Ni8Mn4Ga1Mg3,1.0861,Ni8 Mn4 Ga1 Mg3,9.813052087,24.4375,4.6640625,60.875,4.4375,51.99608625,10.38415734,1435.744375,333.8834375,7.9375,2.6953125,3.8125,0.3046875,130.8125,7.9140625,0.060499283,1.70125,0.22234375,2,0,0.0625,0.1171875,5.875,2.640625,0,0,7.9375,2.6953125,0,0,0.3125,0.5859375,2.25,1.375,0,0,2.5625,1.5234375,13.2523653,4.314754849,0,0,0.29777488,0.29761982,2586.875,599.125,7016.375,2118.4375,7.487030375,0.212471359,25.9048125,0.388429688,13.9065625,3.5734375,207.125,22.8125,1.3875,0.0484375,0.03490991,0.740833333,0.047083333,0.063554555
10,Ni8Mn4Mg4,1.05342,Ni8 Mn4 Mg4,8.644238489,23.25,5.625,60.5,4.25,49.15746125,12.42623063,1474.5,275.75,7.25,2.75,3.75,0.375,132,8,0.060606061,1.67,0.24,2,0,0,0,5.25,2.75,0,0,7.25,2.75,0,0,0,0,2.25,1.375,0,0,2.25,1.375,13.50439655,4.692801724,0,0,0.29777488,0.29761982,2517.25,668.75,6756,2509,7.58996375,0.077971875,25.83225,0.481625,14.0875,3.3925,215.25,10.625,1.4,0.05,0.035714286,0.747083333,0.056458333,0.075571667
11,Ni8Mn4Ga3Ca1,1.211150931,Ni8 Mn4 Ga3 Ca1,9.813052087,27.3125,2.0703125,57.8125,9.2578125,58.65914875,4.183195469,1370.233125,432.1503125,9.3125,2.0703125,4,0,130.625,9.859375,0.075478469,1.744375,0.190234375,2,0,0.1875,0.3046875,7.125,1.953125,0,0,9.3125,2.0703125,0,0,0.9375,1.5234375,2.25,1.375,0,0,3.1875,1.5859375,13.6783028,4.953661099,0,0,0.29777488,0.29761982,2750.75,435.25,7525.375,1382.625,7.185346438,0.578790344,26.1161875,0.10190625,13.5484375,3.9315625,192.8125,48.3046875,1.38125,0.06171875,0.044683258,0.745833333,0.054583333,0.073184357
12,Ni8Mn4Ga2Ca2,1.053245941,Ni8 Mn4 Ga2 Ca2,10.0849449,26.625,2.46875,53.625,12.46875,56.80633625,5.116229687,1420.98875,356.016875,8.625,2.46875,4,0,134,13,0.097014925,1.69375,0.2453125,2,0,0.125,0.21875,6.5,2.375,0,0,8.625,2.46875,0,0,0.625,1.09375,2.25,1.375,0,0,2.875,1.59375,14.86033405,6.726707974,0,0,0.29777488,0.29761982,2705.75,480.25,7253.25,1763.125,7.192462625,0.568116063,26.109875,0.1050625,13.733125,3.746875,202.875,34.71875,1.4125,0.096875,0.068584071,0.769583333,0.092604167,0.120330266
13,Ni8Mn4Ga1Ca3,1.030401961,Ni8 Mn4 Ga1 Ca3,9.813052087,25.9375,2.6953125,49.4375,15.9140625,54.95352375,5.586060781,1471.744375,279.8834375,7.9375,2.6953125,4,0,137.375,15.296875,0.111351228,1.643125,0.287734375,2,0,0.0625,0.1171875,5.875,2.640625,0,0,7.9375,2.6953125,0,0,0.3125,0.5859375,2.25,1.375,0,0,2.5625,1.5234375,16.0423653,8.499754849,0,0,0.29777488,0.29761982,2660.75,525.25,6981.125,2171.3125,7.199578812,0.557441781,26.1035625,0.10821875,13.9178125,3.5621875,212.9375,18.6171875,1.44375,0.13359375,0.092532468,0.793333333,0.13,0.163865546
14,Ni8Mn4Ga3Sr1,1.08,Ni8 Mn4 Ga3 Sr1,9.813052087,28.4375,2.15625,57.875,9.171875,61.63052375,6.283363125,1366.170625,438.2440625,9.3125,2.0703125,4.0625,0.1171875,131.8125,11.4921875,0.08718587,1.74125,0.19453125,2,0,0.1875,0.3046875,7.125,1.953125,0,0,9.3125,2.0703125,0,0,0.9375,1.5234375,2.25,1.375,0,0,3.1875,1.5859375,14.7070528,6.496786099,0,0,0.29777488,0.29761982,2744.375,441.625,7592.875,1315.125,7.159202063,0.618006906,26.17,0.1525,13.4790625,4.0009375,192.8125,48.3046875,1.39375,0.07890625,0.05661435,0.757083333,0.071458333,0.094386351
15,Ni8Mn4Ga2Sr2,1.04,Ni8 Mn4 Ga2 Sr2,10.0849449,28.875,2.8125,53.75,12.3125,62.74908625,7.961206875,1412.86375,368.204375,8.625,2.46875,4.125,0.21875,136.375,15.96875,0.117094409,1.6875,0.253125,2,0,0.125,0.21875,6.5,2.375,0,0,8.625,2.46875,0,0,0.625,1.09375,2.25,1.375,0,0,2.875,1.59375,16.91783405,9.812957974,0,0,0.29777488,0.29761982,2693,493,7388.25,1560.625,7.140173875,0.646549188,26.2175,0.194375,13.594375,3.885625,202.875,34.71875,1.4375,0.140625,0.097826087,0.792083333,0.131979167,0.166622831
16,Ni8Mn4Ga2Ba2,1.063022954,Ni8 Mn4 Ga2 Ba2,10.0849449,31.125,6.21875,53.875,12.15625,68.96246125,17.28126937,1406.61375,377.579375,8.625,2.46875,4.25,0.4375,138.875,19.09375,0.137488749,1.68,0.2625,2,0,0.125,0.21875,6.5,2.375,0,0,8.625,2.46875,0,0,0.625,1.09375,2.25,1.375,0,0,2.875,1.59375,18.08783405,11.56795797,0,0,0.29777488,0.29761982,2754,432,7498.25,1409.75,7.079775625,0.737146563,26.3775,0.423125,13.555625,3.924375,203.375,34.84375,1.45625,0.1734375,0.119098712,0.813333333,0.169166667,0.207991804
17,Ni8Mn4Ga3Sc1,1.217366173,Ni8 Mn4 Ga3 Sc1,9.813052087,27.375,1.984375,58.0625,8.9140625,58.96401825,4.034618156,1413.920625,416.6289844,9.375,1.984375,4,0,130.25,9.34375,0.071737044,1.766875,0.159296875,2,0,0.1875,0.3046875,7.1875,1.8671875,0,0,9.375,1.984375,0,0,0.9375,1.5234375,2.8125,1.8671875,0,0,3.75,1.75,12.7073653,3.497254849,0,0,0.297775277,0.297619423,2834.875,384.640625,7615.0625,1292.9375,7.213367063,0.536759406,26.090625,0.1146875,13.8959375,3.609570313,190.875,47.578125,1.36875,0.04453125,0.032534247,0.729895833,0.04078125,0.055872699
18,Ni8Mn4Ga3Ti1,1.28,Ni8 Mn4 Ga3 Ti1,9.813052087,27.4375,1.8984375,60.0625,6.1640625,59.14596125,3.966389531,1421.858125,419.6055469,9.4375,1.8984375,4,0,129.625,8.484375,0.06545323,1.778125,0.143828125,2,0,0.1875,0.3046875,7.25,1.78125,0,0,9.4375,1.8984375,0,0,0.9375,1.5234375,2.75,1.78125,0,0,3.6875,1.6875,12.3608028,2.977411099,0,0,0.297776289,0.297618411,2863.4375,409.6328125,7710.1875,1197.8125,7.230031438,0.511762844,26.061875,0.1371875,13.8990625,3.612304688,190.875,47.578125,1.35625,0.02734375,0.02016129,0.7278125,0.039739583,0.054601402
19,Ni8Mn4Ga2Ti2,1.32,Ni8 Mn4 Ga2 Ti2,10.0849449,26.875,2.15625,58.125,6.84375,57.77996125,3.899198437,1524.23875,307.9515625,8.875,2.15625,4,0,132,10.5,0.079545455,1.76125,0.1609375,2,0,0.125,0.21875,6.75,2.0625,0,0,8.875,2.15625,0,0,0.625,1.09375,3.25,2.0625,0,0,3.875,1.875,12.22533405,2.774207974,0,0,0.297777697,0.297617003,2931.125,412.09375,7622.875,1285.125,7.281832625,0.434061063,26.00125,0.2353125,14.434375,3.045625,199,35,1.3625,0.028125,0.020642202,0.733541667,0.042604167,0.058080091
20,Ni8Mn4Ga1Ti3,1.36,Ni8 Mn4 Ga1 Ti3,9.813052087,26.3125,2.2734375,56.1875,7.0390625,56.41396125,3.943068594,1626.619375,219.2733594,8.3125,2.2734375,4,0,134.375,11.921875,0.08872093,1.744375,0.173828125,2,0,0.0625,0.1171875,6.25,2.21875,0,0,8.3125,2.2734375,0,0,0.3125,0.5859375,3.75,2.21875,0,0,4.0625,2.0625,12.0898653,2.571004849,0,0,0.297779105,0.297615595,2998.8125,397.6328125,7535.5625,1372.4375,7.333633813,0.356359281,25.940625,0.330234375,14.9696875,2.5103125,207.125,22.8125,1.36875,0.02734375,0.019977169,0.739270833,0.04546875,0.061504861
21,Ni8Mn4Ti4,1.38,Ni8 Mn4 Ti4,8.644238489,25.75,2.25,54.25,6.75,55.04796125,3.64543875,1729,106,7.75,2.25,4,0,136.75,12.75,0.093235832,1.7275,0.1825,2,0,0,0,5.75,2.25,0,0,7.75,2.25,0,0,0,0,4.25,2.25,0,0,4.25,2.25,11.95439655,2.367801724,0,0,0.297780514,0.297614186,3066.5,366.25,7448.25,1470.625,7.385435,0.2786575,25.88,0.41,15.505,1.975,215.25,10.625,1.375,0.025,0.018181818,0.745,0.053333333,0.071588366
22,Ni8Mn4Ga3Zr1,1.251510071,Ni8 Mn4 Ga3 Zr1,9.813052087,28.5625,2.34375,60.125,6.078125,61.85577375,6.621238125,1433.545625,423.9883594,9.4375,1.8984375,4.0625,0.1171875,130.5625,9.7734375,0.074856391,1.765,0.161875,2,0,0.1875,0.3046875,7.25,1.78125,0,0,9.4375,1.8984375,0,0,0.9375,1.5234375,2.75,1.78125,0,0,3.6875,1.6875,12.7673653,3.587254849,0,0,0.29777488,0.29761982,2933.5625,470.9921875,7835.4375,1072.5625,7.217892688,0.529970969,26.080625,0.1196875,14.3271875,3.986914063,190.875,47.578125,1.365625,0.040234375,0.029462243,0.728333333,0.04,0.054919908
23,Ni8Mn4Ga1Zr3,1.286388148,Ni8 Mn4 Ga1 Zr3,9.813052087,29.6875,4.03125,56.375,6.828125,64.54339875,10.65267562,1661.681875,241.1874219,8.3125,2.2734375,4.1875,0.3046875,137.1875,15.0859375,0.109965831,1.705,0.218125,2,0,0.0625,0.1171875,6.25,2.21875,0,0,8.3125,2.2734375,0,0,0.3125,0.5859375,3.75,2.21875,0,0,4.0625,2.0625,13.3095528,4.400536099,0,0,0.29777488,0.29761982,3209.1875,552.3046875,7911.3125,996.6875,7.297217563,0.410983656,25.996875,0.238828125,16.2540625,3.005664062,207.125,22.8125,1.396875,0.058984375,0.042225951,0.740833333,0.047083333,0.063554555
24,Ni8Mn4Zr4,1.316741094,Ni8 Mn4 Zr4,8.644238489,30.25,4.875,54.5,6.5,65.88721125,12.66839437,1775.75,176.125,7.75,2.25,4.25,0.375,140.5,17.25,0.122775801,1.675,0.235,2,0,0,0,5.75,2.25,0,0,7.75,2.25,0,0,0,0,4.25,2.25,0,0,4.25,2.25,13.58064655,4.807176724,0,0,0.29777488,0.29761982,3347,667.5,7949.25,958.75,7.33688,0.35149,25.955,0.2975,17.2175,2.15375,215.25,10.625,1.4125,0.06875,0.048672566,0.747083333,0.056458333,0.075571667
25,Ni8Mn4Ga3Hf1,1.197497691,Ni8 Mn4 Ga3 Hf1,9.813052087,30.5625,5.34375,60.1875,5.9921875,67.30989875,14.80242563,1457.170625,432.8477344,9.4375,1.8984375,4.125,0.234375,130.5625,9.7734375,0.074856391,1.763125,0.164453125,2,0,0.1875,0.3046875,7.25,1.78125,0.875,1.640625,10.3125,1.96875,0,0,0.9375,1.5234375,2.75,1.78125,0,0,3.6875,1.6875,12.7051778,3.493973599,0,0,0.29777488,0.29761982,2945.6875,481.6015625,8260.375,1278.828125,7.229840813,0.512048781,26.10375,0.108125,14.7146875,4.325976562,190.875,47.578125,1.365625,0.040234375,0.029462243,0.727708333,0.0396875,0.054537647
26,Ni8Mn4Ga1Hf3,1.280319617,Ni8 Mn4 Ga1 Hf3,9.813052087,35.6875,13.6171875,56.5625,6.6171875,80.90577375,36.59408484,1732.556875,290.0411719,8.3125,2.2734375,4.375,0.609375,137.1875,15.0859375,0.109965831,1.699375,0.224453125,2,0,0.0625,0.1171875,6.25,2.21875,2.625,4.265625,10.9375,2.90625,0,0,0.3125,0.5859375,3.75,2.21875,0,0,4.0625,2.0625,13.1229903,4.120692349,0,0,0.29777488,0.29761982,3245.5625,611.4140625,9186.125,1546.453125,7.333061938,0.357217094,26.06625,0.130625,17.4165625,3.732226562,207.125,22.8125,1.396875,0.058984375,0.042225951,0.738958333,0.0453125,0.061319425
27,Ni8Mn4Hf4,1.332582643,Ni8 Mn4 Hf4,8.644238489,38.25,16.875,54.75,6.25,87.70371125,45.39314438,1870.25,317.875,7.75,2.25,4.5,0.75,140.5,17.25,0.122775801,1.6675,0.2425,2,0,0,0,5.75,2.25,3.5,5.25,11.25,3.375,0,0,0,0,4.25,2.25,0,0,4.25,2.25,13.33189655,4.434051724,0,0,0.29777488,0.29761982,3395.5,740.25,9649,1830.5,7.3846725,0.27980125,26.0475,0.15875,18.7675,4.21625,215.25,10.625,1.4125,0.06875,0.048672566,0.744583333,0.052708333,0.070789031
28,Ni8Mn4Ga3V1,1.306717767,Ni8 Mn4 Ga3 V1,9.813052087,27.5,1.8125,60.25,5.90625,59.3381175,3.894330937,1436.983125,425.2774219,9.5,1.8125,4,0,129.1875,7.8828125,0.061018384,1.78375,0.13609375,2,0,0.1875,0.3046875,7.3125,1.6953125,0,0,9.5,1.8125,0,0,0.9375,1.5234375,2.6875,1.6953125,0,0,3.625,1.625,12.1308028,2.632411099,0,0,0.29777488,0.29761982,2870.9375,416.1953125,7810.375,1097.625,7.224910813,0.519443781,26.05125,0.153125,14.3584375,4.014257813,193.0625,48.3984375,1.353125,0.0234375,0.017321016,0.723177083,0.037421875,0.051746489
29,Ni8Mn4Ga2V2,1.344053497,Ni8 Mn4 Ga2 V2,10.0849449,27,2,58.5,6.375,58.16427375,3.418807812,1554.48875,330.6390625,9,2,4,0,131.125,9.40625,0.071734986,1.7725,0.146875,2,0,0.125,0.21875,6.875,1.90625,0,0,9,2,0,0,0.625,1.09375,3.125,1.90625,0,0,3.75,1.75,11.76533405,2.084207974,0,0,0.29777488,0.29761982,2946.125,423.34375,7823.25,1084.75,7.271591375,0.449422938,25.98,0.2725,15.353125,3.66359375,203.375,34.84375,1.35625,0.021875,0.016129032,0.724270833,0.03796875,0.052423414
30,Ni8Mn4Ga1V3,1.412021742,Ni8 Mn4 Ga1 V3,9.813052087,26.5,2.0625,56.75,6.40625,56.99043,3.29454125,1671.994375,247.6327344,8.5,2.0625,4,0,133.0625,10.4453125,0.078499295,1.76125,0.15484375,2,0,0.0625,0.1171875,6.4375,2.0078125,0,0,8.5,2.0625,0,0,0.3125,0.5859375,3.5625,2.0078125,0,0,3.875,1.875,11.3998653,1.536004849,0,0,0.29777488,0.29761982,3021.3125,411.6953125,7836.125,1071.875,7.318271938,0.379402094,25.90875,0.38203125,16.3478125,3.064257812,213.6875,18.7109375,1.359375,0.0203125,0.014942529,0.725364583,0.038515625,0.053098298
31,Ni8Mn4V4,1.435094704,Ni8 Mn4 V4,8.644238489,26,2,55,6,55.81658625,2.87681375,1789.5,196.75,8,2,4,0,135,11,0.081481481,1.75,0.16,2,0,0,0,6,2,0,0,8,2,0,0,0,0,4,2,0,0,4,2,11.03439655,0.987801724,0,0,0.29777488,0.29761982,3096.5,381.25,7849,1059,7.3649525,0.30938125,25.8375,0.47375,17.3425,2.21625,224,3.5,1.3625,0.01875,0.013761468,0.726458333,0.0390625,0.05377115
32,Ni8Mn4Ga3Nb1,1.295098568,Ni8 Mn4 Ga3 Nb1,9.813052087,28.625,2.4375,60.3125,5.8203125,61.9609225,6.77896125,1472.420625,438.5664844,9.5,1.8125,4.0625,0.1171875,129.875,8.828125,0.067974013,1.781875,0.138671875,1.9375,0.1171875,0.1875,0.3046875,7.375,1.609375,0,0,9.5,1.8125,0.0625,0.1171875,0.9375,1.5234375,2.625,1.609375,0,0,3.625,1.625,12.4539278,3.117098599,0,0,0.29777488,0.29761982,2954.5,489.3125,7964.125,1019.609375,7.225702063,0.518256906,26.033125,0.1803125,14.8896875,4.479101563,193.0625,48.3984375,1.359375,0.031640625,0.023275862,0.725833333,0.03875,0.053386912
33,Ni8Mn4Ga2Nb2,1.374974917,Ni8 Mn4 Ga2 Nb2,10.0849449,29.25,3.375,58.625,6.21875,63.40988375,8.952403125,1625.36375,383.7953125,9,2,4.125,0.21875,132.5,11.125,0.083962264,1.76875,0.1515625,1.875,0.21875,0.125,0.21875,7,1.75,0,0,9,2,0.125,0.21875,0.625,1.09375,3,1.75,0,0,3.75,1.75,12.41158405,3.053582974,0,0,0.29777488,0.29761982,3113.25,548.6875,8130.75,887.0625,7.273173875,0.447049188,25.94375,0.3359375,16.415625,4.46046875,203.375,34.84375,1.36875,0.0359375,0.026255708,0.729583333,0.040625,0.055682467
34,Ni8Mn4Ga1Nb3,1.421493024,Ni8 Mn4 Ga1 Nb3,9.813052087,29.875,4.3125,56.9375,6.1953125,64.858845,11.125845,1778.306875,364.3849219,8.5,2.0625,4.1875,0.3046875,135.125,12.765625,0.09447271,1.755625,0.161171875,1.8125,0.3046875,0.0625,0.1171875,6.625,1.796875,0,0,8.5,2.0625,0.1875,0.3046875,0.3125,0.5859375,3.375,1.796875,0,0,3.875,1.875,12.3692403,2.990067349,0,0,0.29777488,0.29761982,3272,654.375,8297.375,712.859375,7.320645688,0.375841469,25.854375,0.470390625,17.9415625,4.521914063,213.6875,18.7109375,1.378125,0.037890625,0.027494331,0.733333333,0.0425,0.057954545
35,Ni8Mn4Nb4,1.456940255,Ni8 Mn4 Nb4,8.644238489,30.5,5.25,55.25,5.75,66.30780625,13.29928688,1931.25,409.375,8,2,4.25,0.375,137.75,13.75,0.099818512,1.7425,0.1675,1.75,0.375,0,0,6.25,1.75,0,0,8,2,0.25,0.375,0,0,3.75,1.75,0,0,4,2,12.32689655,2.926551724,0,0,0.29777488,0.29761982,3430.75,793.125,8464,497,7.3681175,0.30463375,25.765,0.5825,19.4675,5.26625,224,3.5,1.3875,0.0375,0.027027027,0.737083333,0.044375,0.060203505
36,Ni8Mn4Ga3Cr1,1.315509791,Ni8 Mn4 Ga3 Cr1,9.813052087,27.5625,1.7265625,60.4375,5.6484375,59.40403,3.86961375,1436.795625,425.2071094,9.5625,1.7265625,4,0,128.3125,6.6796875,0.052057964,1.785625,0.133515625,1.9375,0.1171875,0.1875,0.3046875,7.4375,1.5234375,0,0,9.5625,1.7265625,0.0625,0.1171875,0.9375,1.5234375,2.5625,1.5234375,0,0,3.5625,1.5625,12.0170528,2.565167699,0,0,0.29777488,0.29761982,2824.9375,375.9453125,7874.75,1033.25,7.226180813,0.517538781,25.955,0.325625,14.3271875,3.986914063,193.0625,48.3984375,1.35625,0.02734375,0.02016129,0.733333333,0.0425,0.057954545
37,Ni8Mn4Ga2Cr2,1.340654541,Ni8 Mn4 Ga2 Cr2,10.0849449,27.125,1.84375,58.875,5.90625,58.29609875,3.254026562,1554.11375,330.3578125,9.125,1.84375,4,0,129.375,7.21875,0.055797101,1.77625,0.1421875,1.875,0.21875,0.125,0.21875,7.125,1.59375,0,0,9.125,1.84375,0.125,0.21875,0.625,1.09375,2.875,1.59375,0,0,3.625,1.625,11.53783405,1.829916487,0,0,0.29777488,0.29761982,2854.125,354.34375,7952,956,7.274131375,0.445612938,25.7875,0.609375,15.290625,3.61671875,203.375,34.84375,1.3625,0.028125,0.020642202,0.744583333,0.052708333,0.070789031
38,Ni8Mn4Ga1Cr3,1.383561886,Ni8 Mn4 Ga1 Cr3,9.813052087,26.6875,1.8515625,57.3125,5.7734375,57.1881675,3.072086562,1671.431875,247.2811719,8.6875,1.8515625,4,0,130.4375,7.4921875,0.057438908,1.766875,0.148515625,1.8125,0.3046875,0.0625,0.1171875,6.8125,1.5859375,0,0,8.6875,1.8515625,0.1875,0.3046875,0.3125,0.5859375,3.1875,1.5859375,0,0,3.6875,1.6875,11.0586153,1.024129849,0,0,0.29777488,0.29761982,2883.3125,325.4453125,8029.25,878.75,7.322081938,0.373687094,25.62,0.85125,16.2540625,3.005664062,213.6875,18.7109375,1.36875,0.02734375,0.019977169,0.755833333,0.069583333,0.092061742
39,Ni8Mn4Cr4,1.385665194,Ni8 Mn4 Cr4,8.644238489,26.25,1.75,55.75,5.25,56.08023625,2.61316375,1788.75,195.625,8.25,1.75,4,0,131.5,7.5,0.057034221,1.7575,0.1525,1.75,0.375,0,0,6.5,1.5,0,0,8.25,1.75,0.25,0.375,0,0,3.5,1.5,0,0,3.75,1.75,10.57939655,0.305301724,0,0,0.29777488,0.29761982,2912.5,289.25,8106.5,801.5,7.3700325,0.30176125,25.4525,1.05125,17.2175,2.15375,224,3.5,1.375,0.025,0.018181818,0.767083333,0.086458333,0.112710483
40,Ni8Mn4Ga3Mo1,1.233486688,Ni8 Mn4 Ga3 Mo1,9.813052087,28.6875,2.53125,60.5,5.5625,62.15177375,7.065238125,1481.545625,441.9883594,9.5625,1.7265625,4.0625,0.1171875,129.25,7.96875,0.061653772,1.816875,0.136015625,1.9375,0.1171875,0.1875,0.3046875,7.4375,1.5234375,0,0,9.5625,1.7265625,0.0625,0.1171875,0.9375,1.5234375,2.5625,1.5234375,0,0,3.5625,1.5625,12.2983028,2.883661099,0,0,0.29777488,0.29761982,2947.9375,483.5703125,8071,1113.125,7.246550813,0.486983781,25.999375,0.242421875,15.3571875,4.888164063,193.0625,48.3984375,1.359375,0.031640625,0.023275862,0.723020833,0.03734375,0.051649618
41,Ni8Mn4Ga2Mo2,1.410227095,Ni8 Mn4 Ga2 Mo2,10.0849449,29.375,3.5625,59,5.75,63.79158625,9.524956875,1643.61375,397.4828125,9.125,1.84375,4.125,0.21875,131.25,9.5625,0.072857143,1.83875,0.1515625,1.875,0.21875,0.125,0.21875,7.125,1.59375,0,0,9.125,1.84375,0.125,0.21875,0.625,1.09375,2.875,1.59375,0,0,3.625,1.625,12.10033405,2.586707974,0,0,0.29777488,0.29761982,3100.125,538.84375,8344.5,1047.375,7.314871375,0.384502938,25.87625,0.4540625,17.350625,5.16171875,203.375,34.84375,1.36875,0.0359375,0.026255708,0.723958333,0.0378125,0.052230216
42,Ni8Mn4Ga1Mo3,1.397478457,Ni8 Mn4 Ga1 Mo3,9.813052087,30.0625,4.59375,57.5,5.5625,65.43139875,11.98467563,1805.681875,408.8692969,8.6875,1.8515625,4.1875,0.3046875,133.25,10.65625,0.079971857,1.860625,0.161640625,1.8125,0.3046875,0.0625,0.1171875,6.8125,1.5859375,0,0,8.6875,1.8515625,0.1875,0.3046875,0.3125,0.5859375,3.1875,1.5859375,0,0,3.6875,1.6875,11.9023653,2.289754849,0,0,0.29777488,0.29761982,3252.3125,622.3828125,8618,913.25,7.383191937,0.282022094,25.753125,0.634921875,19.3440625,6.800976562,213.6875,18.7109375,1.378125,0.037890625,0.027494331,0.724895833,0.03828125,0.052809312
43,Ni8Mn4Mo4,1.401470892,Ni8 Mn4 Mo4,8.644238489,30.75,5.625,56,5,67.07121125,14.44439437,1967.75,464.125,8.25,1.75,4.25,0.375,135.25,11.25,0.083179298,1.8825,0.16625,1.75,0.375,0,0,6.5,1.5,0,0,8.25,1.75,0.25,0.375,0,0,3.5,1.5,0,0,3.75,1.75,11.70439655,1.992801724,0,0,0.29777488,0.29761982,3404.5,753.75,8891.5,710.75,7.4515125,0.1882875,25.63,0.785,21.3375,8.07125,224,3.5,1.3875,0.0375,0.027027027,0.725833333,0.03875,0.053386912
44,Ni8Mn4Ga3Mn1,1.299518616,Ni8 Mn5 Ga3,8.51294404,27.625,1.640625,60.625,5.390625,59.58790156,3.800661914,1395.483125,409.7149219,9.625,1.640625,4,0,128.3125,6.6796875,0.052057964,1.77875,0.14296875,2,0,0.1875,0.3046875,7.4375,1.5234375,0,0,9.625,1.640625,0,0,0.9375,1.5234375,2.5625,1.5234375,0,0,3.5,1.5,11.97315194,2.581630523,0,0,0.297794263,0.297600437,2786.8125,399.1875,7895.375,1012.625,7.267900188,0.475724695,26.140625,0.112109375,13.8215625,3.6584375,192.3125,48.1171875,1.35625,0.02734375,0.02016129,0.715104167,0.041731771,0.058357611
45,Ni8Mn4Ga2Mn2,1.333204043,Ni8 Mn6 Ga2,8.100452855,27.25,1.6875,59.25,5.4375,58.66384188,2.794347656,1471.48875,292.1446875,9.25,1.6875,4,0,129.375,7.21875,0.055797101,1.7625,0.159375,2,0,0.125,0.21875,7.125,1.59375,0,0,9.25,1.6875,0,0,0.625,1.09375,2.875,1.59375,0,0,3.5,1.5,11.45003233,1.851866918,0,0,0.297813645,0.297581055,2777.875,408.125,7993.25,914.75,7.357570125,0.339567281,26.15875,0.1209375,14.279375,3.200625,201.875,34.46875,1.3625,0.028125,0.020642202,0.708125,0.04484375,0.063327449
46,Ni8Mn4Ga1Mn3,1.358031883,Ni8 Mn7 Ga1,7.32905922,26.875,1.640625,57.875,5.140625,57.73978219,2.451520039,1547.494375,180.505625,8.875,1.640625,4,0,130.4375,7.4921875,0.057438908,1.74625,0.17171875,2,0,0.0625,0.1171875,6.8125,1.5859375,0,0,8.875,1.640625,0,0,0.3125,0.5859375,3.1875,1.5859375,0,0,3.5,1.5,10.92691272,0.991323411,0,0,0.297833028,0.297561672,2768.9375,417.0625,8091.125,816.875,7.447240063,0.192559937,26.176875,0.125234375,14.7371875,2.7428125,211.4375,18.4296875,1.36875,0.02734375,0.019977169,0.701145833,0.046210938,0.065907741
47,Ni8Mn4Mn4,1.423095999,Ni8 Mn8,5.762825659,26.5,1.5,56.5,4.5,56.8157225,1.8776775,1623.5,104.5,8.5,1.5,4,0,131.5,7.5,0.057034221,1.73,0.18,2,0,0,0,6.5,1.5,0,0,8.5,1.5,0,0,0,0,3.5,1.5,0,0,3.5,1.5,10.4037931,0.083793103,0,0,0.29785241,0.29754229,2760,426,8189,719,7.53691,0.10289,26.195,0.125,15.195,2.285,221,4,1.375,0.025,0.018181818,0.694166667,0.045833333,0.06602641
48,Ni8Mn4Ga3Tc1,1.243346675,Ni8 Mn4 Ga3 Tc1,9.813052087,28.75,2.625,60.6875,5.3046875,62.27927375,7.256488125,1452.420625,431.0664844,9.625,1.640625,4.0625,0.1171875,128.8125,7.3671875,0.05719311,1.800625,0.1253125,2,0,0.1875,0.3046875,7.4375,1.5234375,0,0,9.625,1.640625,0,0,0.9375,1.5234375,2.5625,1.5234375,0,0,3.5,1.5,12.2104903,2.751942349,0,0,0.29777488,0.29761982,2924.5625,463.1171875,8147.25,1179.84375,7.258273938,0.472114852,,,15.0953125,4.659023438,190.875,47.578125,1.353125,0.0234375,0.017321016,0.7209375,0.036302083,0.050353995
49,Ni8Mn4Ga2Tc2,1.308290177,Ni8 Mn4 Ga2 Tc2,10.0849449,29.5,3.75,59.375,5.28125,64.04658625,9.907456875,1585.36375,353.7953125,9.25,1.6875,4.125,0.21875,130.375,8.46875,0.064956855,1.80625,0.128125,2,0,0.125,0.21875,7.125,1.59375,0,0,9.25,1.6875,0,0,0.625,1.09375,2.875,1.59375,0,0,3.5,1.5,11.92470905,2.323270474,0,0,0.29777488,0.29761982,3053.375,503.78125,8497,1161.75,7.338317625,0.349333563,,,16.826875,4.76890625,199,35,1.35625,0.021875,0.016129032,0.719791667,0.035729167,0.049638206
50,Ni8Mn4Ga1Tc3,1.377261973,Ni8 Mn4 Ga1 Tc3,9.813052087,30.25,4.875,58.0625,4.9296875,65.81389875,12.55842562,1718.306875,276.5780469,8.875,1.640625,4.1875,0.3046875,131.9375,9.1796875,0.06957603,1.811875,0.131171875,2,0,0.0625,0.1171875,6.8125,1.5859375,0,0,8.875,1.640625,0,0,0.3125,0.5859375,3.1875,1.5859375,0,0,3.5,1.5,11.6389278,1.894598599,0,0,0.29777488,0.29761982,3182.1875,512.2421875,8846.75,1056.21875,7.418361313,0.229268031,,,18.5584375,5.524335938,207.125,22.8125,1.359375,0.0203125,0.014942529,0.718645833,0.03515625,0.048920133
51,Ni8Mn4Tc4,1.386061201,Ni8 Mn4 Tc4,8.644238489,31,6,56.75,4.25,67.58121125,15.20939437,1851.25,289.375,8.5,1.5,4.25,0.375,133.5,9.5,0.071161049,1.8175,0.13375,2,0,0,0,6.5,1.5,0,0,8.5,1.5,0,0,0,0,3.5,1.5,0,0,3.5,1.5,11.35314655,1.465926724,0,0,0.29777488,0.29761982,3311,613.5,9196.5,1151.75,7.498405,0.141395,,,20.29,6.5,215.25,10.625,1.3625,0.01875,0.013761468,0.7175,0.034583333,0.048199767
52,Ni8Mn4Ga3Fe1,1.303454124,Ni8 Mn4 Ga3 Fe1,9.813052087,27.6875,1.5546875,60.8125,5.1328125,59.64458625,3.779405156,1413.733125,416.5586719,9.6875,1.5546875,4,0,127.875,6.078125,0.047531769,1.79625,0.123125,2,0,0.1875,0.3046875,7.5,1.4375,0,0,9.6875,1.5546875,0,0,0.9375,1.5234375,2.5,1.4375,0,0,3.4375,1.4375,11.9883028,2.575948949,0,0,0.429691305,0.375824832,2836.8125,386.3359375,7920.625,987.375,7.297173938,0.486702352,26.064375,0.1334375,13.8778125,3.6021875,193.0625,48.3984375,1.35625,0.02734375,0.02016129,0.727864583,0.039765625,0.054633274
53,Ni8Mn4Ga2Fe2,1.343612995,Ni8 Mn4 Ga2 Fe2,10.0849449,27.375,1.53125,59.625,4.96875,58.77721125,2.736447187,1507.98875,301.2696875,9.375,1.53125,4,0,128.5,6.125,0.04766537,1.7975,0.12375,2,0,0.125,0.21875,7.25,1.4375,0,0,9.375,1.53125,0,0,0.625,1.09375,2.75,1.4375,0,0,3.375,1.375,11.48033405,1.844291487,0,0,0.56160773,0.421050737,2877.875,372.15625,8043.75,864.25,7.416117625,0.354204156,26.00625,0.2265625,14.391875,3.088125,203.375,34.84375,1.3625,0.028125,0.020642202,0.733645833,0.04265625,0.058142837
54,Ni8Mn4Ga1Fe3,1.415552878,Ni8 Mn4 Ga1 Fe3,9.813052087,27.0625,1.4296875,58.4375,4.5078125,57.90983625,2.260209219,1602.244375,204.0389844,9.0625,1.4296875,4,0,129.125,6.015625,0.046587609,1.79875,0.124375,2,0,0.0625,0.1171875,7,1.375,0,0,9.0625,1.4296875,0,0,0.3125,0.5859375,3,1.375,0,0,3.3125,1.3125,10.9723653,0.985641837,0,0,0.693524155,0.531426992,2918.9375,347.7109375,8166.875,741.125,7.535061313,0.242490695,25.948125,0.318046875,14.9059375,2.5740625,213.6875,18.7109375,1.36875,0.02734375,0.019977169,0.739427083,0.045546875,0.061597521
55,Ni8Mn4Fe4,1.403446213,Ni8 Mn4 Fe4,8.644238489,26.75,1.25,57.25,3.75,57.04246125,1.65093875,1696.5,88.75,8.75,1.25,4,0,129.75,5.75,0.044315992,1.8,0.125,2,0,0,0,6.75,1.25,0,0,8.75,1.25,0,0,0,0,3.25,1.25,0,0,3.25,1.25,10.46439655,0.144396552,0,0,0.82544058,0.64261111,2960,313,8290,618,7.654005,0.1241975,25.89,0.395,15.42,2.06,224,3.5,1.375,0.025,0.018181818,0.745208333,0.053645833,0.071987699
56,Ni8Mn4Ga3Ru1,1.233665069,Ni8 Mn4 Ga3 Ru1,9.813052087,28.8125,2.71875,60.875,5.046875,62.47114875,7.544300625,1463.483125,435.2149219,9.6875,1.5546875,4.0625,0.1171875,128.75,7.28125,0.056553398,1.819375,0.138203125,1.9375,0.1171875,0.1875,0.3046875,7.5625,1.3515625,0,0,9.6875,1.5546875,0.0625,0.1171875,0.9375,1.5234375,2.4375,1.3515625,0,0,3.4375,1.4375,12.1620528,2.679286099,0,0,0.29777488,0.29761982,2917.375,456.828125,8201.625,1227.421875,7.263305188,0.47400157,25.999375,0.242421875,15.4265625,4.948867188,190.875,47.578125,1.35,0.025,0.018518519,0.715895833,0.040643229,0.056772546
57,Ni8Mn4Ga2Ru2,1.314370143,Ni8 Mn4 Ga2 Ru2,10.0849449,29.625,3.9375,59.75,4.8125,64.43033625,10.48308187,1607.48875,370.3890625,9.375,1.53125,4.125,0.21875,130.25,8.3125,0.063819578,1.84375,0.1553125,1.875,0.21875,0.125,0.21875,7.375,1.28125,0,0,9.375,1.53125,0.125,0.21875,0.625,1.09375,2.625,1.28125,0,0,3.375,1.375,11.82783405,2.177957974,0,0,0.29777488,0.29761982,3039,493,8605.75,1243.3125,7.348380125,0.337269781,25.87625,0.4540625,17.489375,5.27515625,199,35,1.35,0.025,0.018518519,0.709708333,0.042864583,0.060397463
58,Ni8Mn4Ga1Ru3,1.373533525,Ni8 Mn4 Ga1 Ru3,9.813052087,30.4375,5.15625,58.625,4.296875,66.38952375,13.42186312,1751.494375,320.8146094,9.0625,1.4296875,4.1875,0.3046875,131.75,8.96875,0.068074004,1.868125,0.166328125,1.8125,0.3046875,0.0625,0.1171875,7.1875,1.1640625,0,0,9.0625,1.4296875,0.1875,0.3046875,0.3125,0.5859375,2.8125,1.1640625,0,0,3.3125,1.3125,11.4936153,1.676629849,0,0,0.29777488,0.29761982,3160.625,498.765625,9009.875,1260.046875,7.433455063,0.206627406,25.753125,0.634921875,19.5521875,7.139179688,207.125,22.8125,1.35,0.025,0.018518519,0.703520833,0.043539062,0.061887381
59,Ni8Mn4Ru4,1.413214106,Ni8 Mn4 Ru4,8.644238489,31.25,6.375,57.5,3.5,68.34871125,16.36064437,1895.5,355.75,8.75,1.25,4.25,0.375,133.25,9.25,0.069418386,1.8925,0.17125,1.75,0.375,0,0,7,1,0,0,8.75,1.25,0.25,0.375,0,0,3,1,0,0,3.25,1.25,11.15939655,1.175301724,0,0,0.29777488,0.29761982,3282.25,570.375,9414,1478,7.51853,0.12127,25.63,0.785,21.615,8.4875,215.25,10.625,1.35,0.025,0.018518519,0.697333333,0.042666667,0.061185469
60,Ni8Mn4Ga3Co1,1.242424906,Ni8 Mn4 Ga3 Co1,9.813052087,27.75,1.46875,61,4.875,59.83759844,3.707025586,1411.045625,415.5508594,9.75,1.46875,4,0,127.5,5.75,0.045098039,1.799375,0.1246875,2,0,0.1875,0.3046875,7.5625,1.3515625,0,0,9.75,1.46875,0,0,0.9375,1.5234375,2.4375,1.3515625,0,0,3.375,1.421875,11.9579903,2.587316137,0,0,0.39455433,0.345079979,2840.9375,389.9453125,7984.75,1037.65625,7.295837063,0.486201023,26.04625,0.160625,14.0271875,3.724414062,190.875,47.578125,1.353125,0.0234375,0.017321016,0.722604167,0.037135417,0.051391092
61,Ni8Mn4Ga2Co2,1.287470926,Ni8 Mn4 Ga2 Co2,10.0849449,27.5,1.375,60,4.5,59.16323563,2.639941094,1502.61375,299.9259375,9.5,1.375,4,0,127.75,5.625,0.044031311,1.80375,0.126875,2,0,0.125,0.21875,7.375,1.28125,0,0,9.5,1.375,0,0,0.625,1.09375,2.625,1.28125,0,0,3.25,1.3125,11.41970905,1.859447737,0,0,0.49133378,0.368345275,2886.125,378.34375,8172,918,7.413443875,0.353535719,25.97,0.29,14.690625,3.16671875,199,35,1.35625,0.021875,0.016129032,0.723125,0.037395833,0.051714203
62,Ni8Mn4Ga1Co3,1.343402979,Ni8 Mn4 Ga1 Co3,9.813052087,27.25,1.21875,59,3.875,58.48887281,1.775413906,1594.181875,198.9999219,9.25,1.21875,4,0,128,5.5,0.04296875,1.808125,0.1290625,2,0,0.0625,0.1171875,7.1875,1.1640625,0,0,9.25,1.21875,0,0,0.3125,0.5859375,2.8125,1.1640625,0,0,3.125,1.171875,10.8814278,0.997009025,0,0,0.58811323,0.367415709,2931.3125,355.4453125,8359.25,751.53125,7.531050688,0.239984055,25.89375,0.40640625,15.3540625,2.443164062,207.125,22.8125,1.359375,0.0203125,0.014942529,0.723645833,0.03765625,0.05203685
63,Ni8Mn4Co4,1.401105437,Ni8 Mn4 Co4,8.644238489,27,1,58,3,57.81451,1.4382325,1685.75,83.375,9,1,4,0,128.25,5.375,0.041910331,1.8125,0.13125,2,0,0,0,7,1,0,0,9,1,0,0,0,0,3,1,0,0,3,1,10.34314655,0.072219828,0,0,0.68489268,0.43178926,2976.5,321.25,8546.5,538.25,7.6486575,0.11617625,25.8175,0.50375,16.0175,1.55375,215.25,10.625,1.3625,0.01875,0.013761468,0.724166667,0.037916667,0.052359034
64,Ni8Mn4Ga3Rh1,1.254253862,Ni8 Mn4 Ga3 Rh1,9.813052087,28.875,2.8125,61.0625,4.8515625,62.5858675,7.71637875,1440.358125,426.5430469,9.75,1.46875,4.0625,0.1171875,128.5,6.9375,0.053988327,1.824375,0.142578125,1.9375,0.1171875,0.1875,0.3046875,7.625,1.3125,0,0,9.75,1.46875,0.0625,0.1171875,0.9375,1.5234375,2.375,1.3125,0,0,3.375,1.421875,12.1701778,2.691473599,0,0,0.29777488,0.29761982,2888.9375,431.9453125,8206.625,1231.796875,7.269455188,0.47630782,26.056875,0.1446875,14.6765625,4.292617188,192.8125,48.3046875,1.353125,0.0234375,0.017321016,0.721145833,0.03640625,0.050483894
65,Ni8Mn4Ga2Rh2,1.317140054,Ni8 Mn4 Ga2 Rh2,10.0849449,29.75,4.125,60.125,4.34375,64.65977375,10.82723813,1561.23875,335.7015625,9.5,1.375,4.125,0.21875,129.75,7.6875,0.059248555,1.85375,0.1628125,1.875,0.21875,0.125,0.21875,7.5,1.25,0,0,9.5,1.375,0.125,0.21875,0.625,1.09375,2.5,1.25,0,0,3.25,1.3125,11.84408405,2.202332974,0,0,0.29777488,0.29761982,2982.125,450.34375,8615.75,1250.8125,7.360680125,0.340344781,25.99125,0.2528125,15.989375,4.14078125,202.875,34.71875,1.35625,0.021875,0.016129032,0.720208333,0.0359375,0.049898756
66,Ni8Mn4Ga1Rh3,1.362673896,Ni8 Mn4 Ga1 Rh3,9.813052087,30.625,5.4375,59.1875,3.6640625,66.73368,13.9380975,1682.119375,253.9608594,9.25,1.21875,4.1875,0.3046875,131,8.125,0.062022901,1.883125,0.175703125,1.8125,0.3046875,0.0625,0.1171875,7.375,1.1875,0,0,9.25,1.21875,0.1875,0.3046875,0.3125,0.5859375,2.625,1.1875,0,0,3.125,1.171875,11.5179903,1.713192349,0,0,0.29777488,0.29761982,3075.3125,445.4453125,9024.875,1284.421875,7.451905063,0.190518039,25.925625,0.354609375,17.3021875,3.660742187,212.9375,18.6171875,1.359375,0.0203125,0.014942529,0.719270833,0.03546875,0.049312093
67,Ni8Mn4Rh4,1.395100999,Ni8 Mn4 Rh4,8.644238489,31.5,6.75,58.25,3.125,68.80758625,17.04895688,1803,217,9,1,4.25,0.375,132.25,8.25,0.062381853,1.9125,0.18375,1.75,0.375,0,0,7.25,1.125,0,0,9,1,0.25,0.375,0,0,2.75,1.125,0,0,3,1,11.19189655,1.224051724,0,0,0.29777488,0.29761982,3168.5,417.25,9434,1508,7.54313,0.09667,25.86,0.44,18.615,3.9875,223,3,1.3625,0.01875,0.013761468,0.718333333,0.035,0.048723898
68,Ni8Mn4Ga3Ni1,1.285851347,Ni9 Mn4 Ga3,8.181695187,27.8125,1.40625,61.1875,4.8046875,59.82261125,3.712645781,1408.545625,414.6133594,9.8125,1.40625,4,0,127.375,5.8125,0.045632974,1.80125,0.125625,2,0,0.1875,0.3046875,7.625,1.3125,0,0,9.8125,1.40625,0,0,0.9375,1.5234375,2.375,1.3125,0,0,3.3125,1.4765625,11.9626778,2.585558324,0,0,0.334987049,0.292958607,2840.0625,389.1796875,7985.25,1038.09375,7.280761438,0.480547664,26.125,0.0975,14.1071875,3.794414063,192.8125,48.3046875,1.353125,0.0234375,0.017321016,0.720833333,0.03625,0.050289017
69,Ni8Mn4Ga2Ni2,1.321668708,Ni10 Mn4 Ga2,7.48472881,27.625,1.3125,60.375,4.1875,59.13326125,2.647434687,1497.61375,298.6759375,9.625,1.3125,4,0,127.5,5.75,0.045098039,1.8075,0.12875,2,0,0.125,0.21875,7.5,1.25,0,0,9.625,1.3125,0,0,0.625,1.09375,2.5,1.25,0,0,3.125,1.40625,11.42908405,1.857103987,0,0,0.372199218,0.278994353,2884.375,377.03125,8173,918.75,7.383292625,0.345997906,26.1275,0.09625,14.850625,3.28671875,202.875,34.71875,1.35625,0.021875,0.016129032,0.719583333,0.035625,0.049507817
70,Ni8Mn4Ga1Ni3,1.375903641,Ni11 Mn4 Ga1,6.463820165,27.4375,1.21875,59.5625,3.78125,58.44391125,1.752933125,1586.681875,194.3124219,9.4375,1.21875,4,0,127.625,5.6875,0.044564153,1.81375,0.13234375,2,0,0.0625,0.1171875,7.375,1.1875,0,0,9.4375,1.21875,0,0,0.3125,0.5859375,2.625,1.1875,0,0,2.9375,1.2890625,10.8954903,0.995251212,0,0,0.409411386,0.255727056,2928.6875,353.8046875,8360.75,752.46875,7.485823813,0.211717258,26.13,0.095,15.5940625,2.593164062,212.9375,18.6171875,1.359375,0.0203125,0.014942529,0.718333333,0.035,0.048723898
71,Ni8Mn4Ni4,1.412248874,Ni12 Mn4,4.675254392,27.25,1.125,58.75,3.375,57.75456125,1.408258125,1675.75,78.375,9.25,1.125,4,0,127.75,5.625,0.044031311,1.82,0.135,2,0,0,0,7.25,1.125,0,0,9.25,1.125,0,0,0,0,2.75,1.125,0,0,2.75,1.125,10.36189655,0.062844828,0,0,0.446623555,0.223156717,2973,319.5,8548.5,539.25,7.588355,0.0771675,26.1325,0.09375,16.3375,1.71375,223,3,1.3625,0.01875,0.013761468,0.717083333,0.034375,0.047937246
72,Ni8Mn4Ga3Pd1,1.291670864,Ni8 Mn4 Ga3 Pd1,9.813052087,28.9375,2.90625,61.25,4.875,62.80552375,8.045863125,1414.79875,416.9582813,9.8125,1.40625,4.0625,0.1171875,128.3125,6.6796875,0.052057964,1.819375,0.138203125,1.875,0.234375,0.1875,0.3046875,7.75,1.375,0,0,9.8125,1.40625,0,0,0.9375,1.5234375,2.25,1.375,0,0,3.1875,1.5859375,12.2183028,2.763661099,0,0,0.29777488,0.29761982,2843.1875,391.9140625,8179.9375,1208.445313,7.324330188,0.496885945,26.119375,0.1003125,14.0609375,3.753945313,192.8125,48.3046875,1.35625,0.02734375,0.02016129,0.727473958,0.039570313,0.05439413
73,Ni8Mn4Ga2Pd2,1.321724382,Ni8 Mn4 Ga2 Pd2,10.0849449,29.875,4.3125,60.5,4.25,65.09908625,11.48620688,1510.12,301.8025,9.625,1.3125,4.125,0.21875,129.375,7.21875,0.055797101,1.84375,0.1553125,1.75,0.4375,0.125,0.21875,7.75,1.375,0,0,9.625,1.3125,0,0,0.625,1.09375,2.25,1.375,0,0,2.875,1.59375,11.94033405,2.346707974,0,0,0.29777488,0.29761982,2890.625,381.71875,8562.375,1210.78125,7.470430125,0.385987344,26.11625,0.101875,14.758125,3.21734375,202.875,34.71875,1.3625,0.028125,0.020642202,0.732864583,0.042265625,0.057671807
74,Ni8Mn4Ga1Pd3,1.364835306,Ni8 Mn4 Ga1 Pd3,9.813052087,30.8125,5.71875,59.75,3.875,67.39264875,14.92655062,1605.44125,206.0370313,9.4375,1.21875,4.1875,0.3046875,130.4375,7.4921875,0.057438908,1.868125,0.166328125,1.625,0.609375,0.0625,0.1171875,7.75,1.375,0,0,9.4375,1.21875,0,0,0.3125,0.5859375,2.25,1.375,0,0,2.5625,1.5234375,11.6623653,1.929754849,0,0,0.29777488,0.29761982,2938.0625,359.6640625,8944.8125,1154.320313,7.616530063,0.293408664,26.113125,0.1034375,15.4553125,2.506445312,212.9375,18.6171875,1.36875,0.02734375,0.019977169,0.738255208,0.044960937,0.060901618
75,Ni8Mn4Pd4,1.394712312,Ni8 Mn4 Pd4,8.644238489,31.75,7.125,59,3.5,69.68621125,18.36689438,1700.7625,90.88125,9.25,1.125,4.25,0.375,131.5,7.5,0.057034221,1.8925,0.17125,1.5,0.75,0,0,7.75,1.375,0,0,9.25,1.125,0,0,0,0,2.25,1.375,0,0,2.25,1.375,11.38439655,1.512801724,0,0,0.29777488,0.29761982,2985.5,325.75,9327.25,1347.875,7.76263,0.287135,26.11,0.105,16.1525,1.62125,223,3,1.375,0.025,0.018181818,0.743645833,0.051302083,0.068987253
76,Ni8Mn4Ga3Cu1,1.25178,Ni8 Mn4 Ga3 Cu1,9.813052087,27.875,1.4375,61.375,5.0625,60.12589875,4.026425625,1385.40625,409.390625,9.875,1.4375,4,0,127.875,6.078125,0.047531769,1.800625,0.1253125,1.9375,0.1171875,0.1875,0.3046875,7.75,1.375,0,0,9.875,1.4375,0.0625,0.1171875,0.9375,1.5234375,2.25,1.375,0,0,3.25,1.53125,12.0095528,2.567980199,0,0,0.29777488,0.29761982,2840.9375,389.9453125,7986,1038.75,7.286172688,0.482576883,26.023125,0.197890625,13.8646875,3.6153125,192.8125,48.3046875,1.353125,0.0234375,0.017321016,0.725833333,0.03875,0.053386912
77,Ni8Mn4Ga2Cu2,1.25501,Ni8 Mn4 Ga2 Cu2,10.0849449,27.75,1.375,60.75,4.375,59.73983625,3.447331875,1451.335,310.4975,9.75,1.375,4,0,128.5,6.125,0.04766537,1.80625,0.128125,1.875,0.21875,0.125,0.21875,7.75,1.375,0,0,9.75,1.375,0.125,0.21875,0.625,1.09375,2.25,1.375,0,0,3,1.5,11.52283405,1.833666487,0,0,0.29777488,0.29761982,2886.125,378.34375,8174.5,919.875,7.394115125,0.348703531,25.92375,0.3709375,14.365625,3.114375,202.875,34.71875,1.35625,0.021875,0.016129032,0.729583333,0.040625,0.055682467
78,Ni8Mn4Ga1Cu3,1.2825,Ni8 Mn4 Ga1 Cu3,9.813052087,27.625,1.3125,60.125,4.0625,59.35377375,2.868238125,1517.26375,211.604375,9.625,1.3125,4,0,129.125,6.015625,0.046587609,1.811875,0.131171875,1.8125,0.3046875,0.0625,0.1171875,7.75,1.375,0,0,9.625,1.3125,0.1875,0.3046875,0.3125,0.5859375,2.25,1.375,0,0,2.75,1.40625,11.0361153,0.990379849,0,0,0.29777488,0.29761982,2931.3125,355.4453125,8363,753.875,7.502057563,0.221863352,25.824375,0.519140625,14.8665625,2.6134375,212.9375,18.6171875,1.359375,0.0203125,0.014942529,0.733333333,0.0425,0.057954545
79,Ni8Mn4Cu4,1.32851,Ni8 Mn4 Cu4,8.644238489,27.5,1.25,59.5,3.75,58.96771125,2.289144375,1583.1925,144.8075,9.5,1.25,4,0,129.75,5.75,0.044315992,1.8175,0.13375,1.75,0.375,0,0,7.75,1.375,0,0,9.5,1.25,0.25,0.375,0,0,2.25,1.375,0,0,2.5,1.25,10.54939655,0.260301724,0,0,0.29777488,0.29761982,2976.5,321.25,8551.5,540.75,7.61,0.08799,25.725,0.6425,15.3675,2.1125,223,3,1.3625,0.01875,0.013761468,0.737083333,0.044375,0.060203505
80,Ni8Mn4Ga3Ag1,1.24900394,Ni8 Mn4 Ga3 Ag1,9.813052087,29,3,61.4375,5.15625,62.89603625,8.181631875,1377.72875,420.906875,9.875,1.4375,4.0625,0.1171875,128.6875,7.1953125,0.055913065,1.8025,0.12625,1.9375,0.1171875,0.1875,0.3046875,7.75,1.375,0,0,9.875,1.4375,0.0625,0.1171875,0.9375,1.5234375,2.25,1.375,0,0,3.25,1.53125,12.3383028,2.943661099,0,0,0.29777488,0.29761982,2793.125,392.875,8084.125,1124.609375,7.276788313,0.479057742,26.08,0.12,13.7209375,3.7590625,192.8125,48.3046875,1.36875,0.04453125,0.032534247,0.7425,0.049583333,0.0667789
81,Ni8Mn4Ga2Ag2,1.248743911,Ni8 Mn4 Ga2 Ag2,10.0849449,30,4.5,60.875,4.4375,65.28011125,11.75774438,1435.98,333.53,9.75,1.375,4.125,0.21875,130.125,8.15625,0.062680115,1.81,0.13,1.875,0.21875,0.125,0.21875,7.75,1.375,0,0,9.75,1.375,0.125,0.21875,0.625,1.09375,2.25,1.375,0,0,3,1.5,12.18033405,2.706707974,0,0,0.29777488,0.29761982,2790.5,395.5,8370.75,1067.0625,7.375346375,0.344011344,26.0375,0.17375,14.078125,3.401875,202.875,34.71875,1.3875,0.059375,0.042792793,0.762916667,0.0809375,0.106089568
82,Ni8Mn4Ga1Ag3,1.272622213,Ni8 Mn4 Ga1 Ag3,9.813052087,31,6,60.3125,4.15625,67.66418625,15.33385688,1494.23125,246.153125,9.625,1.3125,4.1875,0.3046875,131.5625,8.7578125,0.066567696,1.8175,0.1346875,1.8125,0.3046875,0.0625,0.1171875,7.75,1.375,0,0,9.625,1.3125,0.1875,0.3046875,0.3125,0.5859375,2.25,1.375,0,0,2.75,1.40625,12.0223653,2.469754849,0,0,0.29777488,0.29761982,2787.875,398.125,8657.375,937.859375,7.473904438,0.204267648,25.995,0.241875,14.4353125,3.0446875,212.9375,18.6171875,1.40625,0.07265625,0.051666667,0.783333333,0.11375,0.145212766
83,Ni8Mn4Ag4,1.303170441,Ni8 Mn4 Ag4,8.644238489,32,7.5,59.75,3.875,70.04826125,18.90996938,1552.4825,175.5175,9.5,1.25,4.25,0.375,133,9,0.067669173,1.825,0.1375,1.75,0.375,0,0,7.75,1.375,0,0,9.5,1.25,0.25,0.375,0,0,2.25,1.375,0,0,2.5,1.25,11.86439655,2.232801724,0,0,0.29777488,0.29761982,2785.25,400.75,8944,773,7.5724625,0.06922125,25.9525,0.30125,14.7925,2.6875,223,3,1.425,0.0875,0.061403509,0.80375,0.141458333,0.175997926
84,Ni8Mn4Ga3Zn1,1.243447396,Ni8 Mn4 Ga3 Zn1,9.813052087,27.9375,1.46875,61.6875,5.53125,60.24052375,4.198363125,1343.838125,471.7428125,9.9375,1.46875,4,0,127.25,5.875,0.046168959,1.785,0.134375,2,0,0.1875,0.3046875,7.75,1.375,0,0,9.9375,1.46875,0,0,0.9375,1.5234375,2.25,1.375,0,0,3.1875,1.5859375,12.1901778,2.721473599,0,0,0.29777488,0.29761982,2714.6875,471.3125,7874.75,1033.25,7.390411375,0.521666391,26.0825,0.11875,13.4564375,4.0235625,190.875,47.578125,1.353125,0.0234375,0.017321016,0.729583333,0.040625,0.055682467
85,Ni8Mn4Ga2Zn2,1.232704189,Ni8 Mn4 Ga2 Zn2,10.0849449,27.875,1.4375,61.375,5.0625,59.96908625,3.791206875,1368.19875,435.201875,9.875,1.4375,4,0,127.25,5.875,0.046168959,1.775,0.14375,2,0,0.125,0.21875,7.75,1.375,0,0,9.875,1.4375,0,0,0.625,1.09375,2.25,1.375,0,0,2.875,1.59375,11.88408405,2.262332974,0,0,0.29777488,0.29761982,2633.625,552.375,7952,956,7.6025925,0.485109125,26.0425,0.16625,13.549125,3.930875,199,35,1.35625,0.021875,0.016129032,0.737083333,0.044375,0.060203505
86,Ni8Mn4Ga1Zn3,1.220265004,Ni8 Mn4 Ga1 Zn3,9.813052087,27.8125,1.40625,61.0625,4.59375,59.69764875,3.384050625,1392.559375,398.6609375,9.8125,1.40625,4,0,127.25,5.875,0.046168959,1.765,0.150625,2,0,0.0625,0.1171875,7.75,1.375,0,0,9.8125,1.40625,0,0,0.3125,0.5859375,2.25,1.375,0,0,2.5625,1.5234375,11.5779903,1.803192349,0,0,0.29777488,0.29761982,2552.5625,633.4375,8029.25,878.75,7.814773625,0.592284516,26.0025,0.2296875,13.6418125,3.8381875,207.125,22.8125,1.359375,0.0203125,0.014942529,0.744583333,0.052708333,0.070789031
87,Ni8Mn4Zn4,1.210244065,Ni8 Mn4 Zn4,8.644238489,27.75,1.375,60.75,4.375,59.42621125,2.976894375,1416.92,362.12,9.75,1.375,4,0,127.25,5.875,0.046168959,1.755,0.155,2,0,0,0,7.75,1.375,0,0,9.75,1.375,0,0,0,0,2.25,1.375,0,0,2.25,1.375,11.27189655,1.344051724,0,0,0.29777488,0.29761982,2471.5,714.5,8106.5,801.5,8.02695475,0.683622125,25.9625,0.28625,13.7345,3.7455,215.25,10.625,1.3625,0.01875,0.013761468,0.752083333,0.063958333,0.085041551
88,Ni8Mn4Ga3Cd1,1.230464441,Ni8 Mn4 Ga3 Cd1,9.813052087,29.0625,3.09375,61.75,5.625,63.17996125,8.607519375,1337.684375,480.9734375,9.9375,1.46875,4.0625,0.1171875,128.625,7.109375,0.055272109,1.7875,0.1309375,2,0,0.1875,0.3046875,7.75,1.375,0,0,9.9375,1.46875,0,0,0.9375,1.5234375,2.25,1.375,0,0,3.1875,1.5859375,12.5361153,3.240379849,0,0,0.29777488,0.29761982,2705.9375,480.0625,7969.125,1023.984375,7.365387688,0.512282508,26.121875,0.0990625,13.4028125,4.0771875,190.875,47.578125,1.365625,0.040234375,0.029462243,0.742708333,0.049895833,0.067180925
89,Ni8Mn4Ga2Cd2,1.206721506,Ni8 Mn4 Ga2 Cd2,10.0849449,30.125,4.6875,61.5,5.25,65.84796125,12.60951938,1355.89125,453.663125,9.875,1.4375,4.125,0.21875,130,8,0.061538462,1.78,0.1375,2,0,0.125,0.21875,7.75,1.375,0,0,9.875,1.4375,0,0,0.625,1.09375,2.25,1.375,0,0,2.875,1.59375,12.57595905,3.300145474,0,0,0.29777488,0.29761982,2616.125,569.875,8140.75,894.5625,7.552545125,0.447573594,26.12125,0.099375,13.441875,4.038125,199,35,1.38125,0.0515625,0.037330317,0.763333333,0.081666667,0.1069869
90,Ni8Mn4Ga1Cd3,1.190079499,Ni8 Mn4 Ga1 Cd3,9.813052087,31.1875,6.3046875,61.25,4.875,68.51596125,16.61151937,1374.098125,426.3528125,9.8125,1.40625,4.1875,0.3046875,131.375,8.546875,0.065057088,1.7725,0.1421875,2,0,0.0625,0.1171875,7.75,1.375,0,0,9.8125,1.40625,0,0,0.3125,0.5859375,2.25,1.375,0,0,2.5625,1.5234375,12.6158028,3.359911099,0,0,0.29777488,0.29761982,2526.3125,659.6875,8312.375,722.234375,7.739702563,0.470294039,26.120625,0.0996875,13.4809375,3.9990625,207.125,22.8125,1.396875,0.058984375,0.042225951,0.783958333,0.114765625,0.146392506
91,Ni8Mn4Cd4,1.171303422,Ni8 Mn4 Cd4,8.644238489,32.25,7.875,61,4.5,71.18396125,20.61351938,1392.305,399.0425,9.75,1.375,4.25,0.375,132.75,8.75,0.065913371,1.765,0.145,2,0,0,0,7.75,1.375,0,0,9.75,1.375,0,0,0,0,2.25,1.375,0,0,2.25,1.375,12.65564655,3.419676724,0,0,0.29777488,0.29761982,2436.5,749.5,8484,507,7.92686,0.53348,26.12,0.1,13.52,3.96,215.25,10.625,1.4125,0.06875,0.048672566,0.804583333,0.142708333,0.177369238
92,Ni8Mn4Ga3B1,1.27644,Ni8 Mn4 Ga3 B1,9.813052087,26.375,3.359375,61.875,5.8125,56.82996125,6.698328281,1447.295625,429.1446094,10,1.5,3.875,0.234375,124.875,7.0625,0.056556557,1.809375,0.1296875,2,0,0.25,0.375,7.125,1.953125,0,0,9.375,1.984375,0,0,1.25,1.875,2.25,1.375,0,0,3.5,1.5,11.76595905,2.659327856,0.09525,0.17859375,0.29777488,0.29761982,2908,448.625,7582.25,1325.75,7.321900188,0.495974695,25.1885625,1.762695312,16.1521875,5.583789063,189.125,49.8125,1.321875,0.0671875,0.050827423,0.700208333,0.062213542,0.088850045
93,Ni8Mn4Ga2B2,1.30424,Ni8 Mn4 Ga2 B2,10.0849449,24.75,4.9375,61.75,5.625,53.14796125,10.58424031,1575.11375,346.1078125,10,1.5,3.75,0.4375,122.5,9.75,0.079591837,1.82375,0.1403125,2,0,0.25,0.375,6.5,2.375,0,0,8.75,2.3125,0,0,1.25,1.875,2.25,1.375,0,0,3.5,1.5,11.03564655,1.955463362,0.1905,0.333375,0.29777488,0.29761982,3020.25,478.9375,7367,1592.5,7.465570125,0.382342344,24.254625,3.29190625,18.940625,7.81484375,195.5,40.25,1.29375,0.1109375,0.085748792,0.678333333,0.082083333,0.121007371
94,Ni8Mn4Ga1B3,1.33626,Ni8 Mn4 Ga1 B3,9.813052087,23.125,6.796875,61.625,5.4375,49.46596125,14.49561047,1702.931875,266.9686719,10,1.5,3.625,0.609375,120.125,13.546875,0.112773153,1.838125,0.147578125,2,0,0.25,0.375,5.875,2.640625,0,0,8.125,2.484375,0,0,1.25,1.875,2.25,1.375,0,0,3.5,1.5,10.30533405,1.174812769,0.28575,0.46434375,0.29777488,0.29761982,3132.5,481.1875,7151.75,1915.375,7.609240063,0.288852414,23.3206875,4.587632813,21.7290625,10.67660156,201.875,30.6875,1.265625,0.155859375,0.123148148,0.656458333,0.096484375,0.14697715
95,Ni8Mn4B4,1.32581,Ni8 Mn4 B4,8.644238489,21.5,8.25,61.5,5.25,45.78396125,17.48648063,1830.75,258.625,10,1.5,3.5,0.75,117.75,16.875,0.143312102,1.8525,0.15125,2,0,0.25,0.375,5.25,2.75,0,0,7.5,2.5,0,0,1.25,1.875,2.25,1.375,0,0,3.5,1.5,9.575021552,1.201260776,0.381,0.5715,0.29777488,0.29761982,3244.75,514.125,6936.5,2238.25,7.75291,0.272555,22.38675,5.649875,24.5175,12.84125,208.25,21.125,1.2375,0.19375,0.156565657,0.634583333,0.112291667,0.176953382
96,Ni8Mn4Ga3Al1,1.231877077,Ni8 Mn4 Ga3 Al1,9.813052087,26.875,2.671875,61.9375,5.90625,57.84061991,5.30867262,1358.8875,449.16875,10,1.5,3.9375,0.1171875,127.1875,5.90625,0.046437346,1.7825,0.1378125,2,0,0.25,0.375,7.125,1.953125,0,0,9.375,1.984375,0,0,1.25,1.875,2.25,1.375,0,0,3.5,1.5,12.3476778,2.957723599,0,0,0.29777488,0.29761982,2815.4375,370.5625,7597.25,1310.75,7.177384438,0.590733344,26.008125,0.226015625,13.6840625,3.7959375,192.8125,48.3046875,1.346875,0.0296875,0.022041763,0.716770833,0.039440104,0.055024706
97,Ni8Mn4Ga2Al2,1.210155102,Ni8 Mn4 Ga2 Al2,10.0849449,25.75,3.5625,61.875,5.8125,55.16927858,7.162551781,1398.2975,390.05375,10,1.5,3.875,0.21875,127.125,5.9375,0.046705998,1.77,0.15,2,0,0.25,0.375,6.5,2.375,0,0,8.75,2.3125,0,0,1.25,1.875,2.25,1.375,0,0,3.5,1.5,12.19908405,2.734832974,0,0,0.29777488,0.29761982,2835.125,350.875,7397,1547.5,7.176538625,0.592002063,25.89375,0.4234375,14.004375,3.475625,202.875,34.71875,1.34375,0.034375,0.025581395,0.711458333,0.040677083,0.057174231
98,Ni8Mn4Ga1Al3,1.231877077,Ni8 Mn4 Ga1 Al3,9.813052087,24.625,4.359375,61.8125,5.71875,52.49793724,9.568649489,1437.7075,330.93875,10,1.5,3.8125,0.3046875,127.0625,5.96875,0.046974914,1.7575,0.1590625,2,0,0.25,0.375,5.875,2.640625,0,0,8.125,2.484375,0,0,1.25,1.875,2.25,1.375,0,0,3.5,1.5,12.0504903,2.511942349,0,0,0.29777488,0.29761982,2854.8125,331.1875,7196.75,1847.875,7.175692812,0.593270781,25.779375,0.592265625,14.3246875,3.1553125,212.9375,18.6171875,1.340625,0.0390625,0.029137529,0.706145833,0.040585937,0.057475291
99,Ni8Mn4Ga3In1,1.22790708,Ni8 Mn4 Ga3 In1,9.813052087,29.125,3.1875,62.0625,6.09375,63.33039875,8.833175625,1327.405,496.3925,10,1.5,4.0625,0.1171875,128.5,6.9375,0.053988327,1.793125,0.123203125,2,0,0.25,0.375,7.75,1.375,0,0,10,1.5,0,0,1.25,1.875,2.25,1.375,0,0,3.5,1.5,12.8339278,3.687098599,0,0,0.29777488,0.29761982,2787.5,398.5,7885.375,1022.625,7.164921438,0.609427844,26.166875,0.148203125,13.220375,4.259625,187.4375,52.34375,1.365625,0.040234375,0.029462243,0.733333333,0.0425,0.057954545
100,Ni8Mn4Ga2In2,1.201877696,Ni8 Mn4 Ga2 In2,10.0849449,30.25,4.875,62.125,6.1875,66.14883625,13.06083188,1335.3325,484.50125,10,1.5,4.125,0.21875,129.75,7.6875,0.059248555,1.79125,0.1234375,2,0,0.25,0.375,7.75,1.375,0,0,10,1.5,0,0,1.25,1.875,2.25,1.375,0,0,3.5,1.5,13.17158405,4.193582974,0,0,0.29777488,0.29761982,2779.25,406.75,7973.25,934.75,7.151612625,0.629391063,26.21125,0.1865625,13.077,4.403,192.125,45.3125,1.38125,0.0515625,0.037330317,0.744583333,0.052708333,0.070789031
101,Ni8Mn4Ga3Si1,1.230099138,Ni8 Mn4 Ga3 Si1,9.813052087,26.9375,2.5859375,62.25,6.375,57.9096175,5.213800937,1405.983125,413.6524219,10.0625,1.59375,3.9375,0.1171875,126.5625,6.21875,0.049135802,1.800625,0.1253125,2,0,0.3125,0.46875,7.125,1.953125,0,0,9.4375,1.8984375,0,0,1.1875,1.78125,2.25,1.375,0,0,3.4375,1.4375,12.5951778,3.328973599,0.0483125,0.090585937,0.29777488,0.29761982,2839.25,388.46875,7574.125,1333.875,7.312753938,0.492544852,25.745,0.719375,16.1528125,5.584335938,192.9375,48.3515625,1.3375,0.04375,0.03271028,0.708333333,0.051041667,0.072058824
102,Ni8Mn4Ga2Si2,1.206696854,Ni8 Mn4 Ga2 Si2,10.0849449,25.875,3.40625,62.5,6.75,55.30727375,6.990057812,1492.48875,297.3946875,10.125,1.6875,3.875,0.21875,125.875,6.5625,0.052135055,1.80625,0.128125,2,0,0.375,0.5625,6.5,2.375,0,0,8.875,2.15625,0,0,1.125,1.6875,2.25,1.375,0,0,3.375,1.375,12.69408405,3.477332974,0.096625,0.16909375,0.29777488,0.29761982,2882.75,375.8125,7350.75,1616.875,7.447277625,0.368622969,25.3675,1.344375,18.941875,7.81703125,203.125,34.78125,1.325,0.0625,0.047169811,0.694583333,0.061770833,0.088932213
103,Ni8Mn4Ga3Ge1,1.244549,Ni8 Mn4 Ga3 Ge1,9.813052087,28.0625,1.59375,62.3125,6.46875,60.69427375,4.878988125,1376.258125,423.1128125,10.0625,1.59375,4,0,127.125,5.9375,0.046705998,1.8075,0.12875,2,0,0.3125,0.46875,7.75,1.375,0,0,10.0625,1.59375,0,0,1.1875,1.78125,2.25,1.375,0,0,3.4375,1.4375,12.7554903,3.569442349,0.0239375,0.044882813,0.29777488,0.29761982,2834.25,384.09375,7761.1875,1146.8125,7.296988313,0.486632742,25.947,0.340625,15.3234375,4.858632813,192.8125,48.3046875,1.346875,0.0296875,0.022041763,0.722708333,0.0371875,0.051455751
104,Ni8Mn4Ga2Ge2,1.218634,Ni8 Mn4 Ga2 Ge2,10.0849449,28.125,1.6875,62.625,6.9375,60.87658625,5.152456875,1433.03875,337.941875,10.125,1.6875,4,0,127,6,0.047244094,1.82,0.1375,2,0,0.375,0.5625,7.75,1.375,0,0,10.125,1.6875,0,0,1.125,1.6875,2.25,1.375,0,0,3.375,1.375,13.01470905,3.958270474,0.047875,0.08378125,0.29777488,0.29761982,2872.75,368.3125,7724.875,1183.125,7.415746375,0.354111344,25.7715,0.637375,17.283125,5.11109375,202.875,34.71875,1.34375,0.034375,0.025581395,0.723333333,0.0375,0.051843318
105,Ni8Mn4Ga3Sn1,1.222407475,Ni8 Mn4 Ga3 Sn1,9.813052087,29.1875,3.28125,62.375,6.5625,63.57364875,9.198050625,1332.113125,489.3303125,10.0625,1.59375,4.0625,0.1171875,128.3125,6.6796875,0.052057964,1.804375,0.1271875,2,0,0.3125,0.46875,7.75,1.375,0,0,10.0625,1.59375,0,0,1.1875,1.78125,2.25,1.375,0,0,3.4375,1.4375,13.3979903,4.533192349,0,0,0.29777488,0.29761982,2820.625,372.171875,7885.375,1022.625,7.262268938,0.473612977,26.1825,0.1696875,13.4615625,4.0184375,187.5625,52.15625,1.359375,0.031640625,0.023275862,0.726458333,0.0390625,0.05377115
106,Ni8Mn4Ga3P1,1.243535997,Ni8 Mn4 Ga3 P1,9.813052087,27,2.5,62.5625,6.84375,58.09013387,4.965590922,1320.376875,506.9346875,10.125,1.6875,3.9375,0.1171875,126.3125,6.34375,0.050222662,1.81875,0.13765625,2,0,0.375,0.5625,7.125,1.953125,0,0,9.5,1.8125,0,0,1.125,1.6875,2.25,1.375,0,0,3.375,1.421875,12.72831768,3.528683421,0.1015625,0.190429688,0.29777488,0.29761982,2675.53125,510.46875,7542.4375,1365.5625,7.458692063,0.55960768,25.984625,0.270078125,14.1734375,3.852382813,178.875,65.1875,1.33125,0.053125,0.039906103,0.708958333,0.050182292,0.070783133
107,Ni8Mn4Ga2P2,1.269347061,Ni8 Mn4 Ga2 P2,10.0849449,26,3.25,63.125,7.6875,55.6683065,6.538766875,1321.27625,505.585625,10.25,1.875,3.875,0.21875,125.375,6.8125,0.054336989,1.8425,0.154375,2,0,0.5,0.75,6.5,2.375,0,0,9,2,0,0,1,1.5,2.25,1.375,0,0,3.25,1.3125,12.96036381,3.876752617,0.203125,0.35546875,0.29777488,0.29761982,2555.3125,630.6875,7287.375,1711.9375,7.739153875,0.686884031,25.84675,0.5056875,14.983125,3.38609375,175,71,1.3125,0.08125,0.061904762,0.695833333,0.060208333,0.086526946
108,Ni8Mn4Ga1P3,1.380729685,Ni8 Mn4 Ga1 P3,9.813052087,25,3.75,63.6875,8.53125,53.24647912,8.352268922,1322.175625,504.2365625,10.375,2.0625,3.8125,0.3046875,124.4375,7.28125,0.05851331,1.86625,0.16515625,2,0,0.625,0.9375,5.875,2.640625,0,0,8.5,2.0625,0,0,0.875,1.3125,2.25,1.375,0,0,3.125,1.171875,13.19240994,4.224821813,0.3046875,0.495117188,0.29777488,0.29761982,2435.09375,756.1445313,7032.3125,2094.53125,8.019615688,0.925152867,25.708875,0.706828125,15.7928125,2.717382812,171.125,76.8125,1.29375,0.11015625,0.085144928,0.682708333,0.066953125,0.098069881
109,Ni8Mn4P4,1.390554617,Ni8 Mn4 P4,8.644238489,24,4.5,64.25,9.375,50.82465175,9.925444875,1323.075,502.8875,10.5,2.25,3.75,0.375,123.5,8.25,0.066801619,1.89,0.17,2,0,0.75,1.125,5.25,2.75,0,0,8,2,0,0,0.75,1.125,2.25,1.375,0,0,3,1,13.42445608,4.57289101,0.40625,0.609375,0.29777488,0.29761982,2314.875,880.6875,6777.25,2477.125,8.3000775,1.09330625,25.571,0.8735,16.6025,1.84625,167.25,82.625,1.275,0.1375,0.107843137,0.669583333,0.070416667,0.105164904
110,Ni8Mn4Ga3As1,1.23303363,Ni8 Mn4 Ga3 As1,9.813052087,28.125,1.6875,62.625,6.9375,60.83687375,5.092888125,1368.670625,434.4940625,10.125,1.6875,4,0,127.0625,5.96875,0.046974914,1.818125,0.137109375,2,0,0.375,0.5625,7.75,1.375,0,0,10.125,1.6875,0,0,1.125,1.6875,2.25,1.375,0,0,3.375,1.421875,12.7036153,3.491629849,0,0,0.29777488,0.29761982,2696.375,489.625,7786.4375,1121.5625,7.415061438,0.530910164,26.035625,0.1765625,14.5421875,4.175039063,189.125,49.8125,1.340625,0.0390625,0.029137529,0.715833333,0.040729167,0.056897556
111,Ni8Mn4Ga2As2,1.188080117,Ni8 Mn4 Ga2 As2,10.0849449,28.25,1.875,63.25,7.875,61.16178625,5.580256875,1417.86375,360.704375,10.25,1.875,4,0,126.875,6.0625,0.047783251,1.84125,0.1534375,2,0,0.5,0.75,7.75,1.375,0,0,10.25,1.875,0,0,1,1.5,2.25,1.375,0,0,3.25,1.3125,12.91095905,3.802645474,0,0,0.29777488,0.29761982,2597,589,7775.375,1132.625,7.651892625,0.534176844,25.94875,0.3271875,15.720625,3.93921875,195.5,40.25,1.33125,0.053125,0.039906103,0.709583333,0.043020833,0.060628303
112,Ni8Mn4Ga1As3,1.309427099,Ni8 Mn4 Ga1 As3,9.813052087,28.375,2.0625,63.875,8.8125,61.48669875,6.067625625,1467.056875,286.9146875,10.375,2.0625,4,0,126.6875,6.15625,0.048593981,1.864375,0.163984375,2,0,0.625,0.9375,7.75,1.375,0,0,10.375,2.0625,0,0,0.875,1.3125,2.25,1.375,0,0,3.125,1.171875,13.1183028,4.113661099,0,0,0.29777488,0.29761982,2497.625,688.375,7764.3125,1143.6875,7.888723813,0.71245357,25.861875,0.458203125,16.8990625,3.408789062,201.875,30.6875,1.321875,0.0671875,0.050827423,0.703333333,0.04375,0.062203791
113,Ni8Mn4As4,1.364848587,Ni8 Mn4 As4,8.644238489,28.5,2.25,64.5,9.75,61.81161125,6.554994375,1516.25,213.125,10.5,2.25,4,0,126.5,6.25,0.049407115,1.8875,0.16875,2,0,0.75,1.125,7.75,1.375,0,0,10.5,2.25,0,0,0.75,1.125,2.25,1.375,0,0,3,1,13.32564655,4.424676724,0,0,0.29777488,0.29761982,2398.25,787.75,7753.25,1154.75,8.125555,0.8315225,25.775,0.5675,18.0775,3.18125,208.25,21.125,1.3125,0.08125,0.061904762,0.697083333,0.042916667,0.06156605
114,Ni8Mn4Ga3Sb1,1.160118384,Ni8 Mn4 Ga3 Sb1,9.813052087,29.25,3.375,62.6875,7.03125,63.76427375,9.483988125,1357.031875,451.9521875,10.125,1.6875,4.0625,0.1171875,128.3125,6.6796875,0.052057964,1.81,0.13,2,0,0.375,0.5625,7.75,1.375,0,0,10.125,1.6875,0,0,1.125,1.6875,2.25,1.375,0,0,3.375,1.421875,13.2901778,4.371473599,0,0,0.29777488,0.29761982,2757.1875,428.8125,7847.0625,1060.9375,7.341298313,0.503248992,26.0725,0.12375,14.2515625,3.920742188,189.125,49.8125,1.359375,0.031640625,0.023275862,0.726458333,0.0390625,0.05377115
115,Co50Ni20Ga30,1.114554857,Co50 Ni20 Ga30,8.560535159,28.4,1.56,63.4,6.36,62.1221775,4.5604935,1320.473,610.5378,10.4,1.56,4,0,124.4,1.6,0.012861736,1.865,0.033,2,0,0.3,0.42,8.1,1.14,0,0,10.4,1.56,0,0,1.5,2.1,1.9,1.14,0,0,3.4,0.96,12.84375,3.60825,0,0,0.89331454,0.65515666,2980.3,301.98,8002.8,1259.28,7.2682553,0.76137258,25.428,0.618,13.2715,4.6119,161.2,58.32,1.335,0.021,0.015730337,0.760166667,0.008166667,0.010743258
116,Ni2MnGa,1.23,Ni2 Mn1 Ga1,8.644238489,28,1.5,62,6,60.51196125,4.605519375,1319.4775,508.28375,10,1.5,4,0,127.25,5.875,0.046168959,1.795,0.1225,2,0,0.25,0.375,7.75,1.375,0,0,10,1.5,0,0,1.25,1.875,2.25,1.375,0,0,3.5,1.5,12.49627155,3.180614224,0,0,0.29777488,0.29761982,2795.75,390.25,7797.5,1110.5,7.17823025,0.589464625,26.1225,0.09875,13.36375,4.11625,182.75,59.375,1.35,0.025,0.018518519,0.722083333,0.036875,0.051067513
117,Ni9Mn3Ga4,1.23,Ni9 Mn3 Ga4,8.181695187,28.1875,1.40625,62.5625,5.71875,60.74667094,4.488164531,1332.54,514.815,10.1875,1.40625,4,0,126.3125,4.7578125,0.037666997,1.8175,0.1040625,2,0,0.25,0.375,7.9375,1.1015625,0,0,10.1875,1.40625,0,0,1.25,1.875,2.0625,1.1015625,0,0,3.3125,1.4765625,12.48579741,3.185851293,0,0,0.334967666,0.292980413,2849,379.125,7887.375,1148.203125,7.1910915,0.59589525,26.106875,0.079921875,13.649375,4.309453125,183.25,59.625,1.346875,0.0234375,0.017401392,0.7278125,0.029804688,0.040951053
118,Ni9Mn4Ga3,1.294,Ni9 Mn4 Ga3,8.181695187,27.8125,1.40625,61.1875,4.8046875,59.82261125,3.712645781,1408.545625,414.6133594,9.8125,1.40625,4,0,127.375,5.8125,0.045632974,1.80125,0.125625,2,0,0.1875,0.3046875,7.625,1.3125,0,0,9.8125,1.40625,0,0,0.9375,1.5234375,2.375,1.3125,0,0,3.3125,1.4765625,11.9626778,2.585558324,0,0,0.334987049,0.292958607,2840.0625,389.1796875,7985.25,1038.09375,7.280761438,0.480547664,26.125,0.0975,14.1071875,3.794414063,192.8125,48.3046875,1.353125,0.0234375,0.017321016,0.720833333,0.03625,0.050289017
119,Ni9Mn4Ga2Al1,1.285,Ni9 Mn4 Ga2 Al1,9.173941211,26.6875,2.5546875,61.125,4.703125,57.15126991,4.87782887,1447.955625,350.5721094,9.8125,1.40625,3.9375,0.1171875,127.3125,5.84375,0.045900835,1.78875,0.14171875,2,0,0.1875,0.3046875,7,1.875,0,0,9.1875,1.8671875,0,0,0.9375,1.5234375,2.375,1.3125,0,0,3.3125,1.4765625,11.81408405,2.344093481,0,0,0.334987049,0.292958607,2859.75,367.03125,7785,1263.375,7.279915625,0.481922109,26.010625,0.226328125,14.4275,3.4340625,202.875,34.71875,1.35,0.025,0.018518519,0.715520833,0.038658854,0.054028971
120,Ni9Mn4Ga1Al2,1.28,Ni9 Mn4 Ga1 Al2,9.173941211,25.5625,3.421875,61.0625,4.6015625,54.47992858,6.874597494,1487.365625,286.5308594,9.8125,1.40625,3.875,0.21875,127.25,5.875,0.046168959,1.77625,0.1546875,2,0,0.1875,0.3046875,6.375,2.28125,0,0,8.5625,2.171875,0,0,0.9375,1.5234375,2.375,1.3125,0,0,3.3125,1.4765625,11.6654903,2.102628637,0,0,0.334987049,0.292958607,2879.4375,344.8828125,7584.75,1488.65625,7.279069813,0.483296555,25.89625,0.4240625,14.7478125,3.073710938,212.9375,18.6171875,1.346875,0.030078125,0.022331787,0.710208333,0.039739583,0.055954825
121,Ni9Mn4Al3,1.264,Ni9 Mn4 Al3,8.181695187,24.4375,4.2890625,61,4.5,51.80858724,9.310143239,1526.775625,226.3774219,9.8125,1.40625,3.8125,0.3046875,127.1875,5.90625,0.046437346,1.76375,0.16453125,2,0,0.1875,0.3046875,5.75,2.53125,0,0,7.9375,2.3203125,0,0,0.9375,1.5234375,2.375,1.3125,0,0,3.3125,1.4765625,11.51689655,1.861163793,0,0,0.334987049,0.292958607,2899.125,322.734375,7384.5,1756.6875,7.278224,0.484671,25.781875,0.593203125,15.068125,2.713359375,223,3,1.34375,0.03515625,0.026162791,0.704895833,0.039492187,0.056025565
122,Ni9Mn4In3,1.294,Ni9 Mn4 In3,8.181695187,31.1875,6.6796875,61.375,5.109375,68.27792375,17.45252859,1432.328125,375.9667969,9.8125,1.40625,4.1875,0.3046875,131.125,8.015625,0.061129647,1.795625,0.128671875,2,0,0.1875,0.3046875,7.625,1.3125,0,0,9.8125,1.40625,0,0,0.9375,1.5234375,2.375,1.3125,0,0,3.3125,1.4765625,12.97564655,4.231632543,0,0,0.334987049,0.292958607,2815.3125,417.0234375,8248.875,741.515625,7.240835,0.545428125,26.258125,0.211640625,13.6770625,4.278304688,206.875,25.453125,1.4,0.05625,0.040178571,0.754583333,0.06953125,0.092145224
123,Ni9Mn4Ga2In1,1.274,Ni9 Mn4 Ga2 In1,9.173941211,28.9375,3.0234375,61.25,4.90625,62.64104875,8.292606719,1416.473125,401.7311719,9.8125,1.40625,4.0625,0.1171875,128.625,6.859375,0.053328474,1.799375,0.127109375,2,0,0.1875,0.3046875,7.625,1.3125,0,0,9.8125,1.40625,0,0,0.9375,1.5234375,2.375,1.3125,0,0,3.3125,1.4765625,12.30033405,3.134249731,0,0,0.334987049,0.292958607,2831.8125,398.4609375,8073.125,939.234375,7.267452625,0.502174484,26.169375,0.146640625,13.9638125,3.955710938,197.5,40.6875,1.36875,0.03828125,0.027968037,0.732083333,0.041875,0.057199772
124,Ni9Mn4Ga1In2,1.239,Ni9 Mn4 Ga1 In2,9.173941211,30.0625,4.8515625,61.3125,5.0078125,65.45948625,12.87256766,1424.400625,388.8489844,9.8125,1.40625,4.125,0.21875,129.875,7.59375,0.058469682,1.7975,0.128125,2,0,0.1875,0.3046875,7.625,1.3125,0,0,9.8125,1.40625,0,0,0.9375,1.5234375,2.375,1.3125,0,0,3.3125,1.4765625,12.6379903,3.682941137,0,0,0.334987049,0.292958607,2823.5625,407.7421875,8161,840.375,7.254143813,0.523801305,26.21375,0.1846875,13.8204375,4.117007813,202.1875,33.0703125,1.384375,0.04921875,0.035553047,0.743333333,0.05125,0.068946188
125,Ni9Mn4In3,1.249,Ni9 Mn4 In3,8.181695187,31.1875,6.6796875,61.375,5.109375,68.27792375,17.45252859,1432.328125,375.9667969,9.8125,1.40625,4.1875,0.3046875,131.125,8.015625,0.061129647,1.795625,0.128671875,2,0,0.1875,0.3046875,7.625,1.3125,0,0,9.8125,1.40625,0,0,0.9375,1.5234375,2.375,1.3125,0,0,3.3125,1.4765625,12.97564655,4.231632543,0,0,0.334987049,0.292958607,2815.3125,417.0234375,8248.875,741.515625,7.240835,0.545428125,26.258125,0.211640625,13.6770625,4.278304688,206.875,25.453125,1.4,0.05625,0.040178571,0.754583333,0.06953125,0.092145224
126,Co41Ni32Al27,1.16,Co41 Ni32 Al27,9.009833545,23.54,5.6916,63.01,5.3946,50.22951337,12.55390638,1529.8769,322.059726,10.4,1.404,3.73,0.3942,124.01,1.6318,0.013158616,1.8167,0.111618,2,0,0.27,0.3942,5.43,2.9322,0,0,7.7,2.538,0,0,1.35,1.971,1.87,1.0098,0,0,3.22,0.9612,11.95245,2.444877,0,0,0.825399496,0.592918797,3085.36,158.4144,7228.56,2445.4224,7.29210746,0.705423308,25.0485,0.65376,15.1273,2.385342,212.29,14.9978,1.323,0.03942,0.029795918,0.734066667,0.031896,0.043451094
127,Co47.5Ni22.5Ga30,1.18,Co47.5 Ni22.5 Ga30,8.733220265,28.425,1.545,63.475,6.315,62.11618263,4.564090425,1319.473,609.9378,10.425,1.545,4,0,124.35,1.5675,0.012605549,1.86575,0.03345,2,0,0.3,0.42,8.125,1.125,0,0,10.425,1.545,0,0,1.5,2.1,1.875,1.125,0,0,3.375,0.975,12.845625,3.607125,0,0,0.869487628,0.645034394,2979.95,301.77,8003,1259.4,7.26222505,0.75775443,25.4595,0.617025,13.3035,4.6311,161.975,58.785,1.335,0.021,0.015730337,0.759458333,0.00875625,0.011529599
128,Mn2NiGa,1.28,Mn2 Ni1 Ga1,8.644238489,27.25,2.25,59.75,7.75,59.5731225,5.07493875,1267.2275,482.15875,9.25,2.25,4,0,131,8,0.061068702,1.705,0.155,2,0,0.25,0.375,7,2,0,0,9.25,2.25,0,0,1.25,1.875,3,2,0,0,4.25,1.125,12.5381681,3.159665948,0,0,0.149003735,0.223195482,2582.75,301.625,7438,767,7.12678525,0.563742125,26.185,0.135,12.22125,3.318125,180.75,58.375,1.3625,0.0375,0.027522936,0.699166667,0.050833333,0.072705601
129,Mn2NiGa,1.28,Mn2 Ni1 Ga1,8.644238489,27.25,2.25,59.75,7.75,59.5731225,5.07493875,1267.2275,482.15875,9.25,2.25,4,0,131,8,0.061068702,1.705,0.155,2,0,0.25,0.375,7,2,0,0,9.25,2.25,0,0,1.25,1.875,3,2,0,0,4.25,1.125,12.5381681,3.159665948,0,0,0.149003735,0.223195482,2582.75,301.625,7438,767,7.12678525,0.563742125,26.185,0.135,12.22125,3.318125,180.75,58.375,1.3625,0.0375,0.027522936,0.699166667,0.050833333,0.072705601
130,Mn2NiAl,1.26,Mn2 Ni1 Al1,8.644238489,22.75,4.875,59.5,7.5,48.88775715,10.95310928,1424.8675,245.69875,9.25,2.25,3.75,0.375,130.75,8.25,0.063097514,1.655,0.1275,2,0,0.25,0.375,4.5,2.25,0,0,6.75,1.875,0,0,1.25,1.875,3,2,0,0,4.25,1.125,11.9437931,2.268103448,0,0,0.149003735,0.223195482,2661.5,327.5,6637,1968.5,7.123402,0.568817,25.7275,0.76375,13.5025,1.98875,221,4,1.35,0.05,0.037037037,0.677916667,0.031041667,0.045789798
131,Mn2NiAl,1.25,Mn2 Ni1 Al1,8.644238489,22.75,4.875,59.5,7.5,48.88775715,10.95310928,1424.8675,245.69875,9.25,2.25,3.75,0.375,130.75,8.25,0.063097514,1.655,0.1275,2,0,0.25,0.375,4.5,2.25,0,0,6.75,1.875,0,0,1.25,1.875,3,2,0,0,4.25,1.125,11.9437931,2.268103448,0,0,0.149003735,0.223195482,2661.5,327.5,6637,1968.5,7.123402,0.568817,25.7275,0.76375,13.5025,1.98875,221,4,1.35,0.05,0.037037037,0.677916667,0.031041667,0.045789798
132,Mn2NiIn,1.28,Mn2 Ni1 In1,8.644238489,31.75,8.625,60,8,70.8468725,21.98556375,1298.9375,434.59375,9.25,2.25,4.25,0.375,136,6,0.044117647,1.6975,0.1475,2,0,0.25,0.375,7,2,0,0,9.25,2.25,0,0,1.25,1.875,3,2,0,0,4.25,1.125,13.8887931,5.185603448,0,0,0.149003735,0.223195482,2549.75,318.125,7789.5,559.25,7.07355,0.643595,26.3625,0.18875,11.64775,4.178375,199.5,30.25,1.425,0.0625,0.043859649,0.744166667,0.097916667,0.131578948
133,Mn2NiIn,1.22,Mn2 Ni1 In1,8.644238489,31.75,8.625,60,8,70.8468725,21.98556375,1298.9375,434.59375,9.25,2.25,4.25,0.375,136,6,0.044117647,1.6975,0.1475,2,0,0.25,0.375,7,2,0,0,9.25,2.25,0,0,1.25,1.875,3,2,0,0,4.25,1.125,13.8887931,5.185603448,0,0,0.149003735,0.223195482,2549.75,318.125,7789.5,559.25,7.07355,0.643595,26.3625,0.18875,11.64775,4.178375,199.5,30.25,1.425,0.0625,0.043859649,0.744166667,0.097916667,0.131578948
134,Mn2NiSn,1.24,Mn2 Ni1 Sn1,8.644238489,32,9,61.25,9.375,71.8198725,23.44506375,1317.77,406.345,9.5,2.5,4.25,0.375,135.25,5.625,0.041589649,1.7425,0.1925,2,0,0.5,0.75,7,2,0,0,9.5,2.5,0,0,1,1.5,3,2,0,0,4,1,16.1450431,8.569978448,0,0,0.149003735,0.223195482,2682.25,348.25,7789.5,559.25,7.46294,0.08843,26.425,0.2825,12.6125,2.73125,200,29.5,1.4,0.025,0.017857143,0.716666667,0.068333333,0.095348837
135,Mn2NiSn,1.18,Mn2 Ni1 Sn1,8.644238489,32,9,61.25,9.375,71.8198725,23.44506375,1317.77,406.345,9.5,2.5,4.25,0.375,135.25,5.625,0.041589649,1.7425,0.1925,2,0,0.5,0.75,7,2,0,0,9.5,2.5,0,0,1,1.5,3,2,0,0,4,1,16.1450431,8.569978448,0,0,0.149003735,0.223195482,2682.25,348.25,7789.5,559.25,7.46294,0.08843,26.425,0.2825,12.6125,2.73125,200,29.5,1.4,0.025,0.017857143,0.716666667,0.068333333,0.095348837
136,Ni2Mn1.4In0.6,1.239,Ni2 Mn1.4 In0.6,8.302188563,30.1,5.67,59.95,5.565,65.79771575,14.70608527,1460.1125,309.10875,9.4,1.68,4.15,0.255,131.95,7.95,0.060250095,1.7645,0.15015,2,0,0.15,0.255,7.25,1.575,0,0,9.4,1.68,0,0,0.75,1.275,2.75,1.575,0,0,3.5,1.5,12.46965517,3.537103448,0,0,0.297805892,0.297588808,2761.65,424.35,8165,743,7.289761,0.4510203,26.258,0.188,13.75215,3.72785,209.3,21.09,1.3975,0.0475,0.033989267,0.737916667,0.062708333,0.084980237
137,Ni2Mn1.5In0.5,1.264,Ni2 Mn1.5 In0.5,8.100452855,29.5,4.875,59.375,5.53125,64.30071688,12.62932078,1487.34375,264.3984375,9.25,1.6875,4.125,0.21875,131.875,7.875,0.05971564,1.75875,0.1565625,2,0,0.125,0.21875,7.125,1.59375,0,0,9.25,1.6875,0,0,0.625,1.09375,2.875,1.59375,0,0,3.5,1.5,12.12534483,3.033663793,0,0,0.297813645,0.297581055,2761.375,424.625,8169,739,7.3309525,0.386148125,26.2475,0.1775,13.992625,3.487375,211.25,18.0625,1.39375,0.04375,0.031390135,0.730625,0.06171875,0.084473909
138,Ni2Mn1.6In0.4,1.279,Ni2 Mn1.6 In0.4,7.842998534,28.9,4.02,58.8,5.44,62.803718,10.4028564,1514.575,216.965,9.1,1.68,4.1,0.18,131.8,7.8,0.059180577,1.753,0.1624,2,0,0.1,0.18,7,1.6,0,0,9.1,1.68,0,0,0.5,0.9,3,1.6,0,0,3.5,1.5,11.78103448,2.495793103,0,0,0.297821398,0.297573302,2761.1,424.9,8173,735,7.372144,0.3171568,26.237,0.167,14.2331,3.2469,213.2,14.84,1.39,0.04,0.028776978,0.723333333,0.06,0.082949309
139,Ni50.1Fe18.6Ga27.2Co4.1,1.22,Ni50.1 Fe18.6 Ga27.2 Co4.1,9.512979601,28.403,1.412768,63.297,5.822432,61.1734804,4.650938665,1357.45352,573.6716749,10.403,1.412768,4,0,125.026,2.674196,0.021389119,1.86669,0.04448804,2,0,0.272,0.396032,8.131,1.016736,0,0,10.403,1.412768,0,0,1.36,1.98016,1.869,1.016736,0,0,3.229,1.250236,12.715385,3.34131056,0,0,0.754363345,0.569660242,2984.054,275.837376,7898.26,1093.90216,7.252317482,0.681640966,25.82704,0.35385616,13.50946,4.31090624,180.681,63.474464,1.3457,0.0248608,0.018474251,0.767526667,0.031676227,0.041270523
140,Mn2NiSi,1.37,Mn2 Ni1 Si1,8.644238489,23,4.5,60.75,8.75,49.1637475,10.53912375,1613.25,94.25,9.5,2.5,3.75,0.375,128.25,10.75,0.083820663,1.7275,0.1775,2,0,0.5,0.75,4.5,2.25,0,0,7,1.5,0,0,1,1.5,3,2,0,0,4,1,12.9337931,3.753103448,0.19325,0.289875,0.149003735,0.223195482,2756.75,422.75,6544.5,2107.25,7.66488,0.2434,24.675,2.3425,23.3775,13.41625,221.5,4.5,1.3125,0.10625,0.080952381,0.644166667,0.052083333,0.080853816
141,Ni2MnSi,1.02,Ni2 Mn1 Si1,8.644238489,23.75,4.875,63,7.5,50.10258625,11.00854313,1665.5,73.25,10.25,1.875,3.75,0.375,124.5,7.25,0.058232932,1.8175,0.13375,2,0,0.5,0.75,5.25,2.75,0,0,7.75,2.25,0,0,1,1.5,2.25,1.375,0,0,3.25,1.25,12.89189655,3.774051724,0.19325,0.289875,0.29777488,0.29761982,2969.75,317.875,6904,2287,7.716325,0.2176775,24.6125,2.31125,24.52,12.845,223.5,3.25,1.3,0.1,0.076923077,0.667083333,0.072916667,0.109306684
142,Ni2FeIn,1.29,Ni2 Fe1 In1,8.644238489,32.75,8.125,63,6,72.01245,21.402775,1424.1875,497.21875,10.25,1.375,4.25,0.375,130.5,6.5,0.049808429,1.8575,0.0525,2,0,0.25,0.375,8,1,0,0,10.25,1.375,0,0,1.25,1.875,2,1,0,0,3.25,1.25,13.9075,5.17625,0,0,0.82536305,0.642649875,2962.75,308.875,8250,658,7.24209,0.727865,25.995,0.4475,13.01525,4.862125,204.5,32.75,1.4125,0.06875,0.048672566,0.818125,0.078125,0.095492743
143,Ni8Mn5Ga3,1.31,Ni8 Mn5 Ga3,8.51294404,27.625,1.640625,60.625,5.390625,59.58790156,3.800661914,1395.483125,409.7149219,9.625,1.640625,4,0,128.3125,6.6796875,0.052057964,1.77875,0.14296875,2,0,0.1875,0.3046875,7.4375,1.5234375,0,0,9.625,1.640625,0,0,0.9375,1.5234375,2.5625,1.5234375,0,0,3.5,1.5,11.97315194,2.581630523,0,0,0.297794263,0.297600437,2786.8125,399.1875,7895.375,1012.625,7.267900188,0.475724695,26.140625,0.112109375,13.8215625,3.6584375,192.3125,48.1171875,1.35625,0.02734375,0.02016129,0.715104167,0.041731771,0.058357611
144,Ni7Co1Mn5Ga3,1.28,Ni7 Co1 Mn5 Ga3,10.0791776,27.5625,1.671875,60.4375,5.578125,59.60288875,3.795041719,1397.983125,410.6524219,9.5625,1.671875,4,0,128.4375,6.6015625,0.051399027,1.776875,0.141796875,2,0,0.1875,0.3046875,7.375,1.53125,0,0,9.5625,1.671875,0,0,0.9375,1.5234375,2.625,1.53125,0,0,3.5625,1.4375,11.96846444,2.583388335,0,0,0.357361544,0.357167719,2787.6875,400.0625,7894.875,1012.125,7.282975813,0.481378055,26.061875,0.1684375,13.7415625,3.5784375,190.375,47.390625,1.35625,0.02734375,0.02016129,0.716875,0.042838542,0.059757338
145,Ni1.75Co0.25Mn1.5Sn0.5,1.26,Ni1.75 Co0.25 Mn1.5 Sn0.5,9.666686416,29.5625,5.109375,59.8125,6.0859375,64.80220406,13.47694898,1499.26,248.545,9.3125,1.7734375,4.125,0.21875,131.625,7.375,0.056030389,1.779375,0.17203125,2,0,0.25,0.4375,7.0625,1.5546875,0,0,9.3125,1.7734375,0,0,0.5,0.875,2.9375,1.5546875,0,0,3.4375,1.3125,13.24878233,5.009054418,0,0,0.357380927,0.357148336,2828.5,370.875,8168.5,738.5,7.540723125,0.129228125,26.2,0.2875,14.395,2.925,209.5625,19.0859375,1.38125,0.03125,0.022624434,0.718645833,0.052734375,0.0733802
146,Ni7Co1Mn6In2,1.22,Ni7 Co1 Mn6 In2,9.666686416,29.4375,4.890625,59.1875,5.5390625,64.31570406,12.62557398,1489.84375,265.0234375,9.1875,1.6640625,4.125,0.21875,132,7.75,0.058712121,1.756875,0.15515625,2,0,0.125,0.21875,7.0625,1.5546875,0,0,9.1875,1.6640625,0,0,0.625,1.09375,2.9375,1.5546875,0,0,3.5625,1.4375,12.12065733,3.034835668,0,0,0.357380927,0.357148336,2762.25,425.5,8168.5,738.5,7.346028125,0.389917031,26.16875,0.25625,13.912625,3.407375,209.3125,19.4921875,1.39375,0.04375,0.031390135,0.732395833,0.063046875,0.086083061
147,Ni45.2Co5.1Mn36.7In13,1.22,Ni45.2 Co5.1 Mn36.7 In13,9.50955777,29.578,5.04972,59.364,5.544304,64.62361226,13.05054081,1484.5645,274.25177,9.238,1.666968,4.13,0.2262,131.947,7.790682,0.059044025,1.75945,0.1537363,2,0,0.13,0.2262,7.108,1.558288,0,0,9.238,1.666968,0,0,0.65,1.131,2.892,1.558288,0,0,3.542,1.449252,12.18987914,3.138231424,0,0,0.34820425,0.345887396,2764.7,425.2558,8172.106,739.493364,7.33563325,0.402811045,26.18459,0.24379754,13.89296,3.47800224,209.303,19.839686,1.39435,0.0446161,0.031997777,0.733803333,0.06273498,0.085492907
148,Ni50Mn30Ga20,1.22,Ni50 Mn30 Ga20,8.560535159,27.7,1.62,60.9,5.34,59.7727135,3.9801146,1380.282,430.9488,9.7,1.62,4,0,128.1,6.54,0.051053864,1.782,0.1392,2,0,0.2,0.32,7.5,1.5,0,0,9.7,1.62,0,0,1,1.6,2.5,1.5,0,0,3.5,1.5,12.07777586,2.711889655,0,0,0.297790386,0.297604314,2788.6,397.4,7875.8,1032.2,7.2499662,0.50026608,26.137,0.1098,13.73,3.75,190.4,50.56,1.355,0.027,0.019926199,0.7165,0.0409,0.057083043
149,Ni50Mn25Ga19Cu6,1.23,Ni50 Mn25 Ga19 Cu6,9.789658119,27.88,1.44,61.4,5.1,60.14134125,4.049589375,1382.7691,413.34635,9.88,1.44,4,0,127.85,6.073,0.047500978,1.8004,0.1252,1.94,0.1128,0.19,0.3078,7.75,1.375,0,0,9.88,1.44,0.06,0.1128,0.95,1.539,2.25,1.375,0,0,3.26,1.5312,12.02902155,2.59482181,0,0,0.29777488,0.29761982,2839.13,390.1744,7978.46,1042.5248,7.28185499,0.487370516,26.0271,0.190452,13.84465,3.63535,192.41,48.7958,1.353,0.0235,0.01736881,0.725683333,0.038675,0.053294596
150,Ni50Mn25Ga17Cu8,1.25,Ni50 Mn25 Ga17 Cu8,9.947186656,27.84,1.42,61.2,4.8,60.01780125,3.864279375,1403.8663,381.70055,9.84,1.42,4,0,128.05,6.107,0.047692308,1.8022,0.1261,1.92,0.1472,0.17,0.2822,7.75,1.375,0,0,9.84,1.42,0.08,0.1472,0.85,1.411,2.25,1.375,0,0,3.18,1.5288,11.87327155,2.374637672,0,0,0.29777488,0.29761982,2853.59,387.8356,8038.78,1010.2152,7.31639657,0.447812494,25.9953,0.248848,14.00495,3.47505,195.63,44.7542,1.354,0.023,0.016986706,0.726883333,0.039275,0.054032055
151,Ni50Mn16Ga25Cu9,1.2,Ni50 Mn16 Ga25 Cu9,10.00236821,28.36,1.4352,63.08,5.6256,61.2866772,4.624839504,1304.9668,501.0284,10.36,1.4352,4,0,126.62,4.93,0.038935397,1.8265,0.09673,1.91,0.1638,0.25,0.375,8.2,1.224,0,0,10.36,1.4352,0.09,0.1638,1.25,1.875,1.8,1.224,0,0,3.14,1.5252,12.54868879,3.154405603,0,0,0.297746969,0.297647731,2873.69,371.0458,7928,1158.56,7.20454265,0.602620825,25.9533,0.272394,13.42585,4.085497,183.47,59.735,1.3455,0.02275,0.016908213,0.737533333,0.028544,0.03870198
152,Ni50Mn14Ga25Cu11,1.2,Ni50 Mn14 Ga25 Cu11,10.06994358,28.44,1.4032,63.32,5.4896,61.4588363,4.591257864,1301.7422,499.4161,10.44,1.4032,4,0,126.48,4.72,0.037318153,1.8335,0.09113,1.89,0.1958,0.25,0.375,8.3,1.224,0,0,10.44,1.4032,0.11,0.1958,1.25,1.875,1.7,1.224,0,0,3.06,1.5132,12.56033707,3.148581466,0,0,0.297740767,0.297653933,2891.01,362.9678,7957,1162.86,7.21038985,0.605544425,25.9157,0.324654,13.43965,4.075627,183.63,59.815,1.3445,0.02225,0.016548903,0.740966667,0.026904,0.036309326
153,Ni50Mn22.5Ga22.5Cu5,1.22,Ni50 Mn22.5 Ga22.5 Cu5,9.707467126,28.05,1.4225,62.05,5.5725,60.57273513,4.414945681,1341.81825,467.5087125,10.05,1.4225,4,0,127.325,5.72125,0.044934223,1.806,0.1152,1.95,0.095,0.225,0.34875,7.875,1.29375,0,0,10.05,1.4225,0.05,0.095,1.125,1.74375,2.125,1.29375,0,0,3.3,1.53,12.3161444,2.943610022,0,0,0.297767127,0.297627573,2835.475,386.9775,7909.15,1099.935,7.228716225,0.553236851,26.03575,0.1621625,13.581375,3.9004875,186.975,55.33875,1.35,0.0225,0.016666667,0.727875,0.03579375,0.049175683
154,Ni50Mn21.5Ga21.5Cu7,1.22,Ni50 Mn21.5 Ga21.5 Cu7,9.9242739,28.07,1.3901,62.07,5.4001,60.59704468,4.337014535,1350.75455,450.5731565,10.07,1.3901,4,0,127.355,5.65765,0.044424247,1.8104,0.112144,1.93,0.1302,0.215,0.33755,7.925,1.25775,0,0,10.07,1.3901,0.07,0.1302,1.075,1.68775,2.075,1.25775,0,0,3.22,1.5308,12.24409353,2.84376478,0,0,0.297764026,0.297630674,2851.365,383.4439,7953.81,1089.4566,7.248910615,0.537332134,26.00105,0.218547,13.668425,3.811575,188.665,53.60595,1.35,0.0215,0.015925926,0.730191667,0.035199083,0.048205265
155,Ni2Mn1.5Sn0.375C0.125,1.34,Ni2 Mn1.5 Sn0.375 C0.125,8.684859654,28.25,4.078125,59.90625,5.9296875,61.45286375,10.73571305,1600.445,266.4646875,9.375,1.78125,4.03125,0.181640625,129.53125,8.876953125,0.068531363,1.7996875,0.187265625,2,0,0.25,0.4375,6.8125,1.78515625,0,0,9.0625,1.86328125,0,0,0.5,0.875,2.875,1.59375,0,0,3.375,1.375,12.38956358,3.917894329,0.1405,0.27221875,0.297813645,0.297581055,2872.15625,403.6171875,8011.1875,896.8125,7.648034375,0.225766602,25.70146875,1.074029297,17.9203125,6.217480469,213.15625,14.7265625,1.3578125,0.048925781,0.036032796,0.7003125,0.064003906,0.091393351
156,Ni2Mn1.5Sn0.25C0.25,1.4,Ni2 Mn1.5 Sn0.25 C0.25,8.820806063,26.875,4.015625,59.8125,5.859375,58.11851063,8.148825547,1704.13,288.72875,9.375,1.78125,3.9375,0.2421875,127.5625,10.0078125,0.078454189,1.818125,0.20109375,2,0,0.25,0.4375,6.5,1.9375,0,0,8.75,1.90625,0,0,0.5,0.875,2.875,1.59375,0,0,3.375,1.375,11.52565733,2.719917834,0.281,0.526875,0.297813645,0.297581055,2916.6875,442.2265625,7853.375,1054.625,7.77042125,0.436234844,25.1241875,2.075898437,21.365625,12.00429688,214.8125,11.828125,1.334375,0.079296875,0.05942623,0.68375,0.07453125,0.109003656
157,Ni2Mn1.5Sn0.125C0.375,1.42,Ni2 Mn1.5 Sn0.125 C0.375,8.684859654,25.5,4.03125,59.71875,5.7890625,54.7841575,8.020023281,1807.815,377.8471875,9.375,1.78125,3.84375,0.345703125,125.59375,10.89257813,0.086728664,1.8365625,0.214921875,2,0,0.25,0.4375,6.1875,2.05078125,0,0,8.4375,1.91015625,0,0,0.5,0.875,2.875,1.59375,0,0,3.375,1.375,10.66175108,1.413953058,0.4215,0.76396875,0.297813645,0.297581055,2961.21875,475.8027344,7695.5625,1212.4375,7.892808125,0.631404727,24.54690625,3.005607422,24.8109375,17.36044922,216.46875,8.9296875,1.3109375,0.114550781,0.08738081,0.6671875,0.082988281,0.124385246
158,Ni2Mn1.5C0.5,1.44,Ni2 Mn1.5 C0.5,8.100452855,24.125,4.53125,59.625,5.71875,51.44980438,9.859776094,1911.5,477.875,9.375,1.78125,3.75,0.4375,123.625,11.90625,0.096309403,1.855,0.22875,2,0,0.25,0.4375,5.875,2.125,0,0,8.125,1.875,0,0,0.5,0.875,2.875,1.59375,0,0,3.375,1.375,9.797844828,1.039461207,0.562,0.9835,0.297813645,0.297581055,3005.75,503.8125,7537.75,1370.25,8.015195,0.81127625,23.969625,3.86315625,28.25625,22.2859375,218.125,6.875,1.2875,0.146875,0.11407767,0.650625,0.089375,0.137367915
159,Ni45Co5Mn25Ga20Cu5,1.199,Ni45 Co5 Mn25 Ga20 Cu5,11.03569485,27.85,1.51,61.35,5.325,60.215101,4.1362495,1374.2205,430.16925,9.85,1.51,4,0,127.85,5.99,0.046851779,1.798,0.124,1.95,0.095,0.2,0.32,7.7,1.42,0,0,9.85,1.51,0.05,0.095,1,1.6,2.3,1.42,0,0,3.35,1.485,12.10314655,2.701741379,0,0,0.345428705,0.345273645,2832.6,391.54,7947.9,1056.51,7.2766447,0.51093748,25.98,0.271,13.7005,3.6515,189.25,50.1,1.3525,0.02375,0.017560074,0.7265,0.039083333,0.053796742
160,Ni45Co5Mn24Fe1Ga20Cu5,1.193,Ni45 Co5 Mn24 Fe1 Ga20 Cu5,11.38476676,27.86,1.496,61.38,5.31,60.22417055,4.131714725,1377.1405,431.62925,9.86,1.496,4,0,127.78,5.892,0.046110502,1.8008,0.120384,1.95,0.095,0.2,0.32,7.71,1.406,0,0,9.86,1.496,0.05,0.095,1,1.6,2.29,1.406,0,0,3.34,1.474,12.10557069,2.700771724,0,0,0.366532232,0.359052729,2840.6,388.608,7951.94,1052.066,7.2813285,0.512811,25.9678,0.285916,13.7095,3.64451,189.37,50.148,1.3525,0.02375,0.017560074,0.728541667,0.0385,0.052845296
161,Ni45Co5Mn23Fe2Ga20Cu5,1.186,Ni45 Co5 Mn23 Fe2 Ga20 Cu5,11.61511699,27.87,1.482,61.41,5.295,60.2332401,4.12717995,1380.0605,433.08925,9.87,1.482,4,0,127.71,5.794,0.045368413,1.8036,0.116656,1.95,0.095,0.2,0.32,7.72,1.392,0,0,9.87,1.482,0.05,0.095,1,1.6,2.28,1.392,0,0,3.33,1.463,12.10799483,2.699802069,0,0,0.387635759,0.371987673,2848.6,385.356,7955.98,1047.622,7.2860123,0.51468452,25.9556,0.300344,13.7185,3.63716,189.49,50.196,1.3525,0.02375,0.017560074,0.730583333,0.037835,0.051787385
162,Ni45Co5Mn21Fe4Ga20Cu5,1.182,Ni45 Co5 Mn21 Fe4 Ga20 Cu5,11.94954869,27.89,1.454,61.47,5.265,60.2513792,4.1181104,1385.9005,436.00925,9.89,1.454,4,0,127.57,5.598,0.04388179,1.8092,0.108864,1.95,0.095,0.2,0.32,7.74,1.364,0,0,9.89,1.454,0.05,0.095,1,1.6,2.26,1.364,0,0,3.31,1.441,12.1128431,2.697862759,0,0,0.429842812,0.395325137,2864.6,377.892,7964.06,1038.734,7.2953799,0.51843156,25.9312,0.327736,13.7365,3.62138,189.73,50.292,1.3525,0.02375,0.017560074,0.734666667,0.03626,0.049355717
163,Ni45Co5Mn20Fe5Ga20Cu5,1.182,Ni45 Co5 Mn20 Fe5 Ga20 Cu5,12.07578128,27.9,1.44,61.5,5.25,60.26044875,4.113575625,1388.8205,437.46925,9.9,1.44,4,0,127.5,5.5,0.043137255,1.812,0.1056,1.95,0.095,0.2,0.32,7.75,1.35,0,0,9.9,1.44,0.05,0.095,1,1.6,2.25,1.35,0,0,3.3,1.43,12.11526724,2.696893103,0,0,0.450946339,0.405727657,2872.6,373.68,7968.1,1034.29,7.3000637,0.52030508,25.919,0.3407,13.7455,3.61295,189.85,50.34,1.3525,0.02375,0.017560074,0.736708333,0.03535,0.047983711
164,Ni45Co5Mn19Fe6Ga20Cu5,1.18,Ni45 Co5 Mn19 Fe6 Ga20 Cu5,12.18111448,27.91,1.426,61.53,5.235,60.2695183,4.10904085,1391.7405,438.92925,9.91,1.426,4,0,127.43,5.402,0.042391901,1.8148,0.102544,1.95,0.095,0.2,0.32,7.76,1.336,0,0,9.91,1.426,0.05,0.095,1,1.6,2.24,1.336,0,0,3.29,1.419,12.11769138,2.695923448,0,0,0.472049866,0.415286036,2880.6,369.148,7972.14,1029.846,7.3047475,0.5221786,25.9068,0.353176,13.7545,3.60416,189.97,50.388,1.3525,0.02375,0.017560074,0.73875,0.034358333,0.046508742
165,Ni2Mn1.5Sn0.5,1.33,Ni2 Mn1.5 Sn0.5,8.100452855,29.625,5.09375,60,6,64.78721688,13.48069578,1496.76,247.92,9.375,1.78125,4.125,0.21875,131.5,7.5,0.057034221,1.78125,0.1734375,2,0,0.25,0.4375,7.125,1.59375,0,0,9.375,1.78125,0,0,0.5,0.875,2.875,1.59375,0,0,3.375,1.375,13.25346983,5.007882543,0,0,0.297813645,0.297581055,2827.625,370.21875,8169,739,7.5256475,0.1141525,26.27875,0.20875,14.475,3.005,211.5,17.625,1.38125,0.03125,0.022624434,0.716875,0.05140625,0.071708806
166,Ni2Mn1.5In0.5,1.3,Ni2 Mn1.5 In0.5,8.100452855,29.5,4.875,59.375,5.53125,64.30071688,12.62932078,1487.34375,264.3984375,9.25,1.6875,4.125,0.21875,131.875,7.875,0.05971564,1.75875,0.1565625,2,0,0.125,0.21875,7.125,1.59375,0,0,9.25,1.6875,0,0,0.625,1.09375,2.875,1.59375,0,0,3.5,1.5,12.12534483,3.033663793,0,0,0.297813645,0.297581055,2761.375,424.625,8169,739,7.3309525,0.386148125,26.2475,0.1775,13.992625,3.487375,211.25,18.0625,1.39375,0.04375,0.031390135,0.730625,0.06171875,0.084473909
167,Ni1.75Fe0.25Mn1.5In0.5,1.32,Ni1.75 Fe0.25 Mn1.5 In0.5,9.666686416,29.375,4.90625,59,5.75,64.12269188,12.67382703,1492.53125,265.6953125,9.125,1.734375,4.125,0.21875,132.375,7.375,0.055712937,1.75375,0.1528125,2,0,0.125,0.21875,7,1.625,0,0,9.125,1.734375,0,0,0.625,1.09375,3,1.625,0,0,3.625,1.421875,12.15096983,3.027257543,0,0,0.392517902,0.392285311,2758.125,421.375,8104.375,703.171875,7.347365,0.39025125,26.186875,0.238125,13.76325,3.258,211.5,18.125,1.396875,0.041015625,0.029362416,0.73765625,0.066992188,0.090817624
168,Ni2Mn1.5Sb0.5,1.32,Ni2 Mn1.5 Sb0.5,8.100452855,29.75,5.3125,60.625,6.46875,65.16846688,14.14788328,1546.5975,181.4025,9.5,1.875,4.125,0.21875,131.5,7.5,0.057034221,1.7925,0.181875,2,0,0.375,0.65625,7.125,1.59375,0,0,9.5,1.875,0,0,0.375,0.65625,2.875,1.59375,0,0,3.25,1.3125,13.03784483,4.630538793,0,0,0.297813645,0.297581055,2700.75,485.25,8092.375,815.625,7.68370625,0.231170937,26.05875,0.2071875,16.055,2.35875,214.625,12.15625,1.38125,0.03125,0.022624434,0.716875,0.05140625,0.071708806
169,Ni1.75Fe0.25Mn1.5Sb0.5,1.31,Ni1.75 Fe0.25 Mn1.5 Sb0.5,9.666686416,29.625,5.34375,60.25,6.84375,64.99044188,14.19238953,1551.785,186.59,9.375,1.953125,4.125,0.21875,132,7,0.053030303,1.7875,0.178125,2,0,0.375,0.65625,7,1.625,0,0,9.375,1.953125,0,0,0.375,0.65625,3,1.625,0,0,3.375,1.296875,13.06346983,4.624132543,0,0,0.392517902,0.392285311,2697.5,482,8027.75,770.21875,7.70011875,0.252352969,25.998125,0.304296875,15.825625,2.438671875,214.875,12.21875,1.384375,0.030078125,0.021726862,0.72390625,0.056679688,0.078297
170,Ni2MnGa,1.28,Ni2 Mn1 Ga1,8.644238489,28,1.5,62,6,60.51196125,4.605519375,1319.4775,508.28375,10,1.5,4,0,127.25,5.875,0.046168959,1.795,0.1225,2,0,0.25,0.375,7.75,1.375,0,0,10,1.5,0,0,1.25,1.875,2.25,1.375,0,0,3.5,1.5,12.49627155,3.180614224,0,0,0.29777488,0.29761982,2795.75,390.25,7797.5,1110.5,7.17823025,0.589464625,26.1225,0.09875,13.36375,4.11625,182.75,59.375,1.35,0.025,0.018518519,0.722083333,0.036875,0.051067513
171,Ni2MnGa0.75Zn0.25,1.28,Ni2 Mn1 Ga0.75 Zn0.25,9.813052087,27.9375,1.46875,61.6875,5.53125,60.24052375,4.198363125,1343.838125,471.7428125,9.9375,1.46875,4,0,127.25,5.875,0.046168959,1.785,0.134375,2,0,0.1875,0.3046875,7.75,1.375,0,0,9.9375,1.46875,0,0,0.9375,1.5234375,2.25,1.375,0,0,3.1875,1.5859375,12.1901778,2.721473599,0,0,0.29777488,0.29761982,2714.6875,471.3125,7874.75,1033.25,7.390411375,0.521666391,26.0825,0.11875,13.4564375,4.0235625,190.875,47.578125,1.353125,0.0234375,0.017321016,0.729583333,0.040625,0.055682467
172,Ni2MnGa0.5Zn0.5,1.26,Ni2 Mn1 Ga0.5 Zn0.5,10.0849449,27.875,1.4375,61.375,5.0625,59.96908625,3.791206875,1368.19875,435.201875,9.875,1.4375,4,0,127.25,5.875,0.046168959,1.775,0.14375,2,0,0.125,0.21875,7.75,1.375,0,0,9.875,1.4375,0,0,0.625,1.09375,2.25,1.375,0,0,2.875,1.59375,11.88408405,2.262332974,0,0,0.29777488,0.29761982,2633.625,552.375,7952,956,7.6025925,0.485109125,26.0425,0.16625,13.549125,3.930875,199,35,1.35625,0.021875,0.016129032,0.737083333,0.044375,0.060203505
173,Ni2MnGa0.25Zn0.75,1.25,Ni2 Mn1 Ga0.25 Zn0.75,9.813052087,27.8125,1.40625,61.0625,4.59375,59.69764875,3.384050625,1392.559375,398.6609375,9.8125,1.40625,4,0,127.25,5.875,0.046168959,1.765,0.150625,2,0,0.0625,0.1171875,7.75,1.375,0,0,9.8125,1.40625,0,0,0.3125,0.5859375,2.25,1.375,0,0,2.5625,1.5234375,11.5779903,1.803192349,0,0,0.29777488,0.29761982,2552.5625,633.4375,8029.25,878.75,7.814773625,0.592284516,26.0025,0.2296875,13.6418125,3.8381875,207.125,22.8125,1.359375,0.0203125,0.014942529,0.744583333,0.052708333,0.070789031
174,Ni2MnZn,1.23,Ni2 Mn1 Zn1,8.644238489,27.75,1.375,60.75,4.375,59.42621125,2.976894375,1416.92,362.12,9.75,1.375,4,0,127.25,5.875,0.046168959,1.755,0.155,2,0,0,0,7.75,1.375,0,0,9.75,1.375,0,0,0,0,2.25,1.375,0,0,2.25,1.375,11.27189655,1.344051724,0,0,0.29777488,0.29761982,2471.5,714.5,8106.5,801.5,8.02695475,0.683622125,25.9625,0.28625,13.7345,3.7455,215.25,10.625,1.3625,0.01875,0.013761468,0.752083333,0.063958333,0.085041551
175,Ni43Co7Mn20Fe2Ga21Cu7,1.179,Ni43 Co7 Mn20 Fe2 Ga21 Cu7,12.16394407,27.99,1.4142,61.81,5.4264,60.55804465,4.267594996,1365.475,447.356,9.99,1.4142,4,0,127.44,5.4448,0.042724419,1.8126,0.106132,1.93,0.1302,0.21,0.3318,7.85,1.333,0,0,9.99,1.4142,0.07,0.1302,1.05,1.659,2.15,1.333,0,0,3.27,1.4478,12.20184224,2.795376259,0,0,0.406687985,0.390296417,2867.63,377.5166,7969.16,1070.8376,7.28233651,0.538874914,25.8899,0.385768,13.63345,3.674412,187.5,51.87,1.3505,0.02178,0.01612736,0.7357,0.034946667,0.047501246
176,Ni43Co7Mn19.75Fe2Ga21Cu7.25,1.176,Ni43 Co7 Mn19.75 Fe2 Ga21 Cu7.25,12.18526735,28,1.405,61.84,5.4204,60.57956454,4.270376036,1365.071925,447.1667876,10,1.405,4,0,127.4225,5.41995,0.042535267,1.813475,0.105532125,1.9275,0.1344875,0.21,0.3318,7.8625,1.3259375,0,0,10,1.405,0.0725,0.1344875,1.05,1.659,2.1375,1.3259375,0,0,3.26,1.4477,12.20329828,2.794764724,0,0,0.40668721,0.390297224,2869.795,376.612925,7972.785,1071.441175,7.28306741,0.539181892,25.8852,0.39149,13.635175,3.672618,187.52,51.8784,1.350375,0.021586875,0.015985837,0.736129167,0.034679354,0.04711042
177,Ni43Co7Mn19.5Fe2Ga21Cu7.5,1.165,Ni43 Co7 Mn19.5 Fe2 Ga21 Cu7.5,12.20561066,28.01,1.4043,61.87,5.4141,60.60108442,4.272941878,1364.66885,446.9735445,10.01,1.4043,4,0,127.405,5.3951,0.042346062,1.81435,0.1049235,1.925,0.13875,0.21,0.3318,7.875,1.31875,0,0,10.01,1.4043,0.075,0.13875,1.05,1.659,2.125,1.31875,0,0,3.25,1.4475,12.20475431,2.79415319,0,0,0.406686435,0.39029803,2871.96,375.6876,7976.41,1072.0085,7.28379831,0.53948887,25.8805,0.397165,13.6369,3.670824,187.54,51.8868,1.35025,0.0213925,0.015843362,0.736558333,0.03440775,0.046714223
178,Ni43Co7Mn19.25Fe2Ga21Cu7.75,1.186,Ni43 Co7 Mn19.25 Fe2 Ga21 Cu7.75,12.22499452,28.02,1.4035,61.9,5.4075,60.62260431,4.27529252,1364.265775,446.7762706,10.02,1.4035,4,0,127.3875,5.37025,0.042156805,1.815225,0.104306125,1.9225,0.1429875,0.21,0.3318,7.8875,1.3114375,0,0,10.02,1.4035,0.0775,0.1429875,1.05,1.659,2.1125,1.3114375,0,0,3.24,1.4472,12.20621034,2.793541655,0,0,0.406685659,0.390298836,2874.125,374.740625,7980.035,1072.539575,7.28452921,0.539795848,25.8758,0.402793,13.638625,3.66903,187.56,51.8952,1.350125,0.021196875,0.015699935,0.7369875,0.034131854,0.046312663
179,Ni43Co7Mn20Fe2Ga21Cu8,1.188,Ni43 Co7 Mn20 Fe2 Ga21 Cu8,12.25720284,28,1.405940594,61.83168317,5.403587884,60.58762837,4.267520344,1365.398713,443.0354985,10,1.405940594,4,0,127.4851485,5.454367219,0.042784334,1.813465347,0.105783747,1.920792079,0.145868052,0.207920792,0.329379473,7.871287129,1.332026272,0,0,10,1.405940594,0.079207921,0.145868052,1.03960396,1.646897363,2.128712871,1.332026272,0,0,3.247524752,1.452602686,12.19063588,2.772359336,0,0,0.402661371,0.390578313,2870.920792,376.4505441,7978.574257,1068.251348,7.28673298,0.535367754,25.87554455,0.40582688,13.63311881,3.638372709,187.8712871,51.51083227,1.35049505,0.021566513,0.015969339,0.736534653,0.034931216,0.047426439
180,Ni43Co7Mn20Fe2Ga20.5Cu7.5,1.194,Ni43 Co7 Mn20 Fe2 Ga20.5 Cu7.5,12.20766402,27.98,1.4084,61.76,5.3544,60.52715965,4.223120596,1370.7493,439.761008,9.98,1.4084,4,0,127.49,5.4609,0.042833948,1.81305,0.1064705,1.925,0.13875,0.205,0.32595,7.85,1.333,0,0,9.98,1.4084,0.075,0.13875,1.025,1.62975,2.15,1.333,0,0,3.25,1.4475,12.16290474,2.744784056,0,0,0.406687985,0.390296417,2871.245,376.53845,7984.24,1063.004,7.290971905,0.529585071,25.88195,0.3976435,13.673525,3.632734,188.305,50.96505,1.35075,0.02167,0.016042939,0.736,0.035066667,0.047644928
181,Ni43Co7Mn20Fe2Ga20Cu8,1.202,Ni43 Co7 Mn20 Fe2 Ga20 Cu8,12.24759658,27.97,1.4026,61.71,5.2824,60.49627465,4.178646196,1376.0236,432.166016,9.97,1.4026,4,0,127.54,5.476,0.04293555,1.8135,0.1068,1.92,0.1472,0.2,0.32,7.85,1.333,0,0,9.97,1.4026,0.08,0.1472,1,1.6,2.15,1.333,0,0,3.23,1.4468,12.12396724,2.693413103,0,0,0.406687985,0.390296417,2874.86,375.488,7999.32,1054.8688,7.2996073,0.52012252,25.874,0.40936,13.7136,3.591056,189.11,50.044,1.351,0.02156,0.015958549,0.7363,0.035186667,0.047788492
182,Ni43Co7Mn20Fe2Ga19.5Cu8.5,1.211,Ni43 Co7 Mn20 Fe2 Ga19.5 Cu8.5,12.28388996,27.96,1.3968,61.66,5.2104,60.46538965,4.134171796,1381.2979,424.571024,9.96,1.3968,4,0,127.59,5.4901,0.043029234,1.81395,0.1071205,1.915,0.15555,0.195,0.31395,7.85,1.333,0,0,9.96,1.3968,0.085,0.15555,0.975,1.56975,2.15,1.333,0,0,3.21,1.4457,12.08502974,2.641263401,0,0,0.406687985,0.390296417,2878.475,374.36525,8014.4,1046.432,7.308242695,0.510487261,25.86605,0.4209175,13.753675,3.549378,189.915,49.10685,1.35125,0.02145,0.015874191,0.7366,0.035306667,0.04793194
183,Ni15Co1Mn11In5,1.25,Ni15 Co1 Mn11 In5,9.316553643,30.21875,5.869140625,60,5.625,66.17945906,15.19954404,1454.554688,320.2514648,9.40625,1.6796875,4.15625,0.263671875,132.03125,7.90625,0.059881657,1.765,0.1478125,2,0,0.15625,0.263671875,7.25,1.5625,0,0,9.40625,1.6796875,0,0,0.78125,1.318359375,2.75,1.5625,0,0,3.53125,1.46875,12.55338901,3.658315935,0,0,0.327587595,0.327374387,2762.15625,424.71875,8163.75,743.75,7.287000938,0.468950293,26.22125,0.23,13.65203125,3.74796875,207.84375,22.37890625,1.3984375,0.0484375,0.034636872,0.740625,0.064036458,0.086462728
